customer_id,price,customer_tax,sale_tax
0,58.65576336915747,d,d
0,35.05381318999096,d,e
0,69.27260377871059,d,e
0,81.44210540865161,d,d
1,60.26338965513678,d,d
1,16.010833984892628,d,e
2,57.435093269599584,a,d
2,4.025348966671459,a,a
2,52.23191692017865,a,e
2,34.21960720377181,a,b
3,64.6766556236438,e,a
3,30.14508714304146,e,b
4,48.72290829739662,d,b
4,51.31103281844127,d,b
5,30.5874785840656,b,a
6,77.68558899434973,d,a
7,54.28418625430871,a,a
8,78.87734381315171,e,c
8,40.083145049001345,e,d
8,82.84438380367322,e,d
8,60.47853657268073,e,c
9,39.930626238224804,d,a
9,41.699102981844284,d,c
10,21.059142614061834,e,e
10,118.32687529243721,e,a
10,21.155367336390512,e,b
10,46.93904920880831,e,b
11,65.1913999827075,d,d
11,53.15611707682243,d,e
11,24.74701810739645,d,e
11,68.21553190183019,d,d
11,48.09677114891449,d,b
11,98.04869465054735,d,c
11,26.384263237142722,d,c
11,24.154435170529283,d,a
11,68.55333165620601,d,e
11,26.077460780746428,d,a
11,59.05113285875307,d,c
12,47.10480591188826,d,e
12,70.068878616387,d,c
12,20.89979844930837,d,b
12,28.892598027843217,d,b
12,53.35391319651899,d,e
12,25.986787302975713,d,e
13,43.639194680719214,c,d
14,54.81207740480962,c,c
14,48.13199652397293,c,b
15,28.07305463884844,d,e
15,94.54669669665508,d,c
16,21.087654811681332,e,b
16,36.108045299896645,e,d
16,86.39840371612306,e,d
16,3.6902656574879984,e,a
16,81.88718546918109,e,d
16,82.29038357685658,e,c
16,112.42954471081438,e,a
17,36.52590674922216,c,d
18,44.481475123559115,e,c
19,2.255532338335726,a,b
19,31.469164645653173,a,e
19,54.09431508658524,a,a
19,47.508146307874746,a,a
19,13.769856088502117,a,e
19,37.554650049663344,a,b
20,38.06193515210178,b,b
21,59.52728556252619,c,b
21,58.11561860733781,c,a
21,27.615982844674065,c,a
21,69.52139512625028,c,d
21,61.191093020276675,c,c
21,58.76749140021252,c,e
21,20.99867388190542,c,a
21,33.851009196863394,c,d
22,72.36740302506631,d,d
22,23.78704731254671,d,c
23,11.873077955308652,a,e
23,20.695378740063823,a,e
23,38.74313484485994,a,a
24,26.16233059150863,b,b
25,68.04235763864693,d,d
25,55.65979453610964,d,d
26,54.81485401433106,c,d
26,33.40546600024671,c,b
26,86.28081923526561,c,e
27,60.798650468245626,b,d
28,81.39567342792472,e,a
29,94.86745540752833,c,a
29,26.22710853604358,c,d
30,30.470937069142384,e,b
30,48.47862705971223,e,b
30,62.388650091302665,e,c
31,84.4087945764585,e,a
31,29.582719379473655,e,e
31,27.668589452353533,e,c
32,59.0389236605567,d,c
32,24.4110017082514,d,e
32,68.01268673771348,d,a
33,106.02003853237989,d,b
33,109.84261216291809,d,a
34,36.103826187423834,c,a
34,11.228974554835872,c,c
35,64.0011373936781,b,c
35,12.80427487491339,b,d
35,88.18442893361316,b,c
35,54.81498594700507,b,e
36,15.680698193738209,d,d
37,46.99891776688333,d,a
37,61.786843756074155,d,e
37,40.698928762947304,d,a
37,23.693402826271086,d,d
37,70.40350315869492,d,b
38,41.71441234757796,d,b
39,46.593948854590955,b,c
39,82.9344381279499,b,a
39,8.161852970618305,b,c
39,49.53859328557714,b,c
39,53.655401710825274,b,c
40,37.743835495404866,b,c
41,98.58274209713842,a,a
41,75.02888281639432,a,b
42,80.38257348418496,e,d
42,40.20821208949662,e,c
42,28.44249917434173,e,d
42,27.371982248024658,e,b
42,38.20510110661574,e,a
43,8.84735278401476,a,a
43,74.32580707705222,a,e
43,27.961800034346222,a,b
44,44.13779309717833,a,d
44,1.2431597228214386,a,b
44,56.88032028520534,a,e
44,52.370276869184494,a,b
44,8.967952068059503,a,d
44,21.538375054358117,a,a
44,84.2424640992543,a,a
45,57.90749924502043,e,d
45,28.04996978671284,e,b
45,42.509212859420735,e,d
46,30.512273567887046,d,c
46,45.32336599081508,d,b
47,60.09705529366693,d,c
47,62.00038308321983,d,c
47,29.920302376361406,d,e
47,71.13901825169631,d,c
48,49.01615092209072,d,c
49,21.144569530516335,d,d
50,31.534733786670927,e,e
50,85.04964849172654,e,a
51,37.795255638691906,e,a
51,26.794514173021916,e,d
52,51.0292615362291,e,d
52,52.53839162850286,e,b
53,18.6135669880549,e,e
53,32.4468140002149,e,c
54,68.93176513410799,c,b
54,87.03057966685927,c,d
54,47.74654004557214,c,e
54,82.12845087156435,c,b
54,64.81587315345612,c,b
55,70.95442638197642,b,a
55,16.459565910838656,b,b
56,30.649829790333133,b,a
56,86.53342912123819,b,c
57,28.54744982828177,d,a
58,60.98661660721885,d,d
58,43.689150890568165,d,c
58,43.15787147028128,d,d
59,37.94216135716428,d,b
59,30.967181271936536,d,c
59,83.47044171159587,d,b
59,59.201689855008425,d,d
59,26.082559599047304,d,d
59,28.30859623396035,d,d
59,2.0106012175129067,d,a
60,49.96206949107966,b,a
60,51.23182697568214,b,d
61,50.66429901530626,b,b
61,68.16387252340215,b,d
61,66.14694715540806,b,d
61,52.18181182533167,b,a
61,26.896857552234884,b,e
62,36.90626845632113,e,d
62,63.20703786149246,e,d
63,55.42137374766762,b,d
63,19.721469965146994,b,d
63,76.66932988250258,b,c
64,36.95348478406714,d,d
65,24.835739469558014,e,e
65,32.01930075022774,e,a
66,16.858527267583867,a,e
66,38.23935460377524,a,b
67,79.69014845006677,c,e
68,20.77751457298928,c,a
68,65.9266808953226,c,b
69,34.70673770474905,d,b
70,67.32429633277103,a,c
70,48.3940902249648,a,b
70,46.473186722535075,a,c
70,67.22413063496191,a,d
70,83.43712923870271,a,c
70,26.09328442514097,a,b
70,62.55744414140126,a,d
71,53.23535755987845,b,d
72,22.681907185445898,c,a
72,31.73295749579768,c,e
73,42.64237802526613,d,b
73,3.060445110074042,d,b
73,64.62815861695964,d,b
74,49.207575730038265,c,e
75,16.999008992592614,d,c
76,49.60969992004273,e,d
76,29.792215923243287,e,d
77,77.57211101130669,b,e
78,49.32060507002239,a,a
78,62.10526556087059,a,d
78,48.25361513064424,a,a
79,70.94992267569862,e,c
80,46.171085596826,b,d
81,64.49912469479607,c,d
82,61.913340866575076,c,a
82,58.59642444611475,c,d
82,47.575491668225794,c,d
83,69.6120854425064,b,a
84,23.95289381429319,c,b
85,44.65019604375446,c,b
86,44.73290458010851,e,d
86,60.2570060303248,e,e
86,51.48025221630211,e,c
86,50.360449406445156,e,d
86,63.52961776731482,e,e
87,75.32713977464445,d,b
87,3.8199791156036866,d,b
88,33.25967784256132,e,a
89,48.023448252140135,c,a
90,102.17789773488283,e,e
90,44.55452607962584,e,d
90,50.46085824506999,e,d
90,41.80581835363094,e,c
91,65.77346693602489,b,a
92,29.6825512300389,b,c
93,26.049077826857907,b,b
94,62.364779668139654,a,b
95,76.06823100845426,e,c
95,50.981979944572856,e,c
95,42.50598101074466,e,c
95,83.76689560951573,e,b
95,17.864689554820764,e,d
96,61.69284394243877,e,b
96,9.281529768300025,e,e
97,69.22912332454962,c,b
97,56.211505691998994,c,e
97,27.990662424793182,c,a
97,43.8141594805937,c,c
97,50.26929108011663,c,d
97,50.091915666742814,c,a
97,29.516397082559987,c,e
97,26.168639279317464,c,c
97,51.25216045279157,c,b
97,71.96202533698035,c,b
98,56.84538712598202,a,a
98,31.136230833880173,a,a
98,33.29360132407172,a,e
99,69.40068323510553,d,a
100,42.54139116701451,e,a
101,109.31874366901064,a,e
101,39.16376435475943,a,a
101,31.707954170727184,a,a
101,30.787439502246347,a,b
102,16.66903009962367,a,e
103,92.59558831602398,d,a
104,107.77341386082584,c,e
104,26.287448170052492,c,c
105,50.65491981262629,a,a
105,56.34653023570179,a,e
105,58.31412353819281,a,a
105,52.794247215154634,a,c
105,47.48073221443622,a,e
106,47.33491927804128,c,c
106,5.196892860164596,c,c
106,66.39091648445932,c,b
107,72.38649372812007,d,a
107,112.15312342060835,d,a
107,24.611018964756546,d,b
108,6.764194931679732,b,e
108,52.850135444454956,b,b
108,36.94152464448824,b,e
109,95.18881769487274,d,c
109,0.8203280659318892,d,a
110,38.51616830755011,b,e
110,54.99067015852351,b,d
111,59.21096309400373,d,e
111,19.151992695665705,d,b
111,82.0436460582367,d,b
112,76.86288446081721,e,c
113,74.36408346516393,d,b
113,47.11527868683107,d,e
113,40.29219790335164,d,b
113,36.07955025436023,d,d
113,74.67971648636598,d,d
113,32.943113621375815,d,b
114,54.51183639139519,d,b
114,57.4169365986673,d,d
115,59.98024000154617,d,b
115,70.78884611410851,d,d
115,50.5759179464131,d,b
116,34.69059343399504,b,a
116,52.07619958614302,b,d
116,20.46761794534586,b,a
117,67.59350453031473,b,a
117,31.5498245087582,b,b
117,77.64512717317042,b,c
118,75.51471164285047,d,e
119,42.36468412196607,d,c
119,60.412498253142104,d,d
120,53.39655374704304,a,b
120,33.14161131732804,a,b
121,55.37031390088818,d,e
122,49.36102327260527,c,d
123,68.85453803897462,b,b
123,28.41286301169946,b,b
124,72.24677177812688,d,e
124,93.80682387668043,d,e
125,77.84740184791964,e,a
126,30.41740676444705,d,d
127,55.156483484198475,e,c
128,30.630628240212317,c,e
128,38.97385997344788,c,a
128,43.54787813796252,c,c
128,85.5473504130305,c,c
128,0.1335637510686425,c,d
128,15.4928523351863,c,c
128,52.53386513566269,c,b
128,6.429080315358739,c,e
129,20.88773092740589,a,a
129,48.25594826285723,a,a
129,29.968566293000755,a,b
129,86.38985794100299,a,c
129,5.113918559820533,a,e
129,64.40525966028869,a,b
129,53.733727100748766,a,d
130,12.985724060865046,b,a
130,65.77317268012595,b,a
130,49.452755819423295,b,b
130,36.38900757067965,b,a
130,54.79629623339535,b,a
131,54.670665229627616,e,d
131,32.44113509125688,e,d
131,84.40387424184613,e,d
132,60.71431813759208,b,c
132,42.97110198555064,b,c
132,32.20988348171473,b,b
133,57.762704654355936,b,d
133,62.45756546829335,b,d
133,45.62714878012893,b,e
133,14.459657140213203,b,c
134,14.346813619715,c,c
135,57.098722767494486,c,d
136,117.92553358619564,c,a
136,87.16881606185477,c,b
136,95.05175323990841,c,e
136,32.32123790417094,c,a
137,46.863869389139865,c,e
137,45.81340195337104,c,d
137,21.14383447658268,c,e
137,32.10708906475341,c,d
137,88.17864583154515,c,d
137,27.149990250960478,c,c
137,14.717480333876367,c,b
137,93.7827473849825,c,b
137,42.435146496835664,c,b
137,6.946581558652106,c,d
137,83.8453158701272,c,a
137,50.509214519015394,c,d
137,58.932780124963315,c,b
137,57.87196035639389,c,c
138,74.53791052631146,a,b
139,50.32234997747063,b,e
139,75.05331571633002,b,b
139,20.30431409765892,b,d
139,71.38322628478456,b,b
139,68.8758968365303,b,c
139,74.75654811311887,b,c
139,23.610265898217104,b,b
139,31.843622502775617,b,e
139,38.45719013479379,b,e
139,47.786620741013316,b,d
139,24.3943537528255,b,d
139,78.26332318653968,b,b
139,36.430081798566945,b,e
139,6.218754478436864,b,b
139,24.410597015840864,b,c
139,28.125485432857044,b,d
139,4.209846645642159,b,d
139,77.31072417974528,b,d
140,39.79869195464036,c,a
140,38.00200484902545,c,e
141,7.569311670981946,b,d
142,77.78934021336421,b,c
142,43.60456604751633,b,a
142,72.73274803710234,b,a
143,56.33388098343855,a,c
143,73.74120811506575,a,b
143,7.151206702599602,a,a
143,64.60254526448956,a,b
143,19.07383470997372,a,a
143,39.91438174831178,a,e
143,57.08562924280353,a,d
144,58.3796879611743,d,e
145,19.494102240073797,c,c
146,26.635509986595306,e,e
147,49.55315366418603,b,e
148,59.0128927473837,a,e
149,17.012461568391416,b,b
150,34.43737986239305,b,b
151,27.64641590275148,e,a
151,5.259132128763909,e,b
152,35.85521389258251,d,a
153,51.06659479091659,b,a
153,48.28199130742334,b,a
154,94.62263609081741,a,e
154,51.5906235400147,a,a
154,46.17180769747901,a,a
155,72.52812101501394,e,c
156,62.09942650053125,e,c
157,57.495631419815936,c,e
158,8.394451923293204,c,b
159,52.50954190453028,c,b
160,93.63301208654201,d,b
160,16.512849317554796,d,b
160,35.88434099918911,d,c
160,34.114766783756345,d,a
160,25.305476901085065,d,d
160,61.78921709692353,d,e
161,54.51756377332264,e,a
161,18.8328704579439,e,e
162,54.620089026829895,a,d
163,28.61266226991054,c,c
164,59.684316632757785,a,d
164,132.67974323487726,a,b
165,32.45370297859926,d,a
166,58.67758053200227,b,c
167,86.89541535635057,e,e
168,41.44930652993671,c,d
169,8.519210073582968,a,d
169,43.04481869091686,a,a
169,86.84571317138864,a,d
170,57.047557260420966,a,a
170,71.69383520438312,a,d
170,53.688453721655655,a,d
170,43.599588763469214,a,d
170,82.68051255306091,a,d
170,21.20360057356353,a,c
170,73.13914428891877,a,c
170,2.442988218737632,a,e
171,60.86960578869595,d,a
172,53.68798154155842,e,b
173,29.526943352652278,b,e
174,40.65177080758514,d,a
174,39.01986981124758,d,a
175,20.24015488562288,c,a
176,61.33020866542727,b,e
176,20.8557896749944,b,c
177,57.50350645154324,b,c
177,10.13134471222773,b,d
177,82.91344627794193,b,d
177,54.600715732529885,b,d
177,18.771896378172265,b,e
177,20.650631099952786,b,a
177,39.8834216063978,b,c
178,94.07312801404707,a,a
179,54.6711314104306,d,b
179,38.543982013675645,d,e
179,93.83088688734087,d,c
179,89.34053956361298,d,a
179,45.76499549053591,d,e
179,52.17374443393717,d,d
180,48.20956809941644,c,d
181,73.03320557396455,e,a
181,92.07161060916488,e,b
182,30.958109018993067,e,c
182,61.12268188623939,e,e
183,31.78837842533662,a,b
184,79.2280880807562,c,e
184,42.73687902711111,c,c
184,62.10891807843254,c,a
184,9.32947448325401,c,b
184,65.58432144401665,c,e
184,58.941606229832544,c,d
185,87.70118585802182,d,e
185,35.16420259350799,d,d
186,53.83556781362098,b,d
186,28.051963058469948,b,a
187,70.2132922255041,d,b
187,27.969584898223935,d,b
187,77.1537486824592,d,a
188,44.333923320100254,a,e
188,38.528411934695,a,c
188,41.55433673720894,a,e
188,30.04744421851625,a,a
189,64.59734414847034,d,e
190,18.59237589257154,d,b
190,11.87870245664788,d,d
190,52.54516301247867,d,a
191,73.53182480109038,a,a
191,96.49808868885248,a,a
192,98.97716908190506,e,b
192,17.242908917280957,e,d
193,63.32100930061752,a,e
194,52.97906536519839,d,e
194,10.319779975530722,d,d
194,47.765281364331784,d,a
194,100.31976416389588,d,b
195,76.6896187005578,a,d
196,10.311895555975994,e,e
196,6.396759733084487,e,e
196,5.37842838267396,e,d
196,36.93364152880909,e,a
197,58.95822124345566,b,b
198,50.86221602471985,e,d
198,57.63450034233601,e,c
199,67.28625588864648,d,e
199,59.63896396190688,d,b
200,35.85774490745974,d,d
201,31.351412567745545,c,e
202,19.933882291553513,c,a
202,82.54199316893111,c,b
202,30.931333294567537,c,d
202,44.354116232193114,c,c
203,63.58840173666486,d,e
203,51.436269485858425,d,c
204,25.579253985208346,d,c
204,91.10359412867174,d,a
204,43.99372264425139,d,c
204,111.89060571927862,d,c
205,79.20355104194012,a,d
205,4.177633654125437,a,c
205,0.17564578466556924,a,c
205,68.27798912233509,a,a
206,55.73569500358127,a,c
207,21.263725534797146,e,e
207,55.70192462194629,e,a
207,78.72225296721791,e,d
208,19.67590116906537,d,d
209,95.26578786808128,a,c
210,55.082191029879965,d,b
210,50.67415242106745,d,a
211,34.748962949943845,e,a
212,69.36483425808152,e,c
213,57.42005069564083,e,e
213,95.66950314735718,e,b
214,54.12210864252809,a,b
214,44.73847922948987,a,c
215,66.75525963002426,a,e
216,9.60512314649771,b,a
217,60.21511069540515,b,c
218,59.14360386393897,b,b
219,98.21047395430031,d,e
219,76.33168655972027,d,d
219,55.99118485808834,d,b
219,44.13288513323296,d,d
219,41.475216713723306,d,b
219,19.949414979464702,d,c
220,24.62782511013602,e,c
221,27.50507919747824,a,c
222,5.443463838458712,c,d
222,58.51070416614441,c,c
223,61.73191059088158,a,d
223,52.961609003127506,a,a
224,69.6031523152717,d,d
224,37.99101244059253,d,a
225,81.0910035537454,a,a
226,40.88365728170551,a,d
227,40.04570966785863,a,a
227,16.088230160637963,a,b
228,82.0052352451091,e,d
228,59.29078193180337,e,a
228,62.420038767861584,e,c
229,75.42968643745017,c,d
229,46.538573215325385,c,d
229,40.55345123432567,c,b
229,73.49192342867428,c,b
229,50.87734095262716,c,a
229,67.92794994655951,c,c
229,52.894136352122345,c,b
230,90.2601383434071,d,d
230,45.77554510504207,d,c
231,59.39915688693572,c,c
231,2.8449887878731346,c,e
232,69.54672173238446,d,c
233,51.54419769709882,d,a
234,41.13239322572633,a,c
234,8.574463345484482,a,a
234,61.45319257380769,a,a
235,70.43122932622768,e,d
235,62.74412632288446,e,e
235,95.3380488462551,e,c
236,39.81476263132985,b,c
236,2.011015222148437,b,c
236,42.0980382036902,b,b
236,63.906082601903705,b,e
236,50.488831038906646,b,e
236,47.86270311620912,b,d
236,62.18102929663942,b,c
237,21.426087715061726,d,e
237,66.14072533343217,d,b
237,79.25315384004634,d,c
238,55.745209364796914,b,b
239,47.50207334121596,d,c
239,75.16377417632997,d,d
239,67.04618437148346,d,c
239,96.50639386764131,d,d
240,46.23840896236409,d,d
241,67.39579696445941,c,e
241,52.447163147368265,c,c
242,18.81230073896973,c,b
242,49.96008369043843,c,b
243,19.34547229379306,c,c
244,27.899591281680287,c,b
244,43.99557687028203,c,b
244,61.42835442133251,c,a
245,70.07774116242828,a,e
245,61.02605818550471,a,a
246,80.35192816212313,c,c
246,29.0008491002608,c,a
247,28.84137407509632,d,d
247,50.23768222764654,d,e
248,70.60792035388369,d,a
248,41.840310074767444,d,b
248,36.26927417961256,d,e
248,51.029869693475405,d,e
248,28.297713272423366,d,b
249,72.81745966926216,a,b
249,44.63575963106635,a,a
250,41.828541854347804,b,b
250,14.333557668832974,b,a
251,29.93795883566963,b,c
251,65.48463650892728,b,e
251,44.63729233947762,b,e
252,42.50777384577496,e,b
252,58.56357228266291,e,a
252,110.71893581570947,e,a
253,51.75009964771634,c,d
253,24.01913531311012,c,d
254,37.65776134285993,d,c
254,52.53054059186214,d,b
254,21.611446007440062,d,b
254,25.49643694878631,d,b
254,47.20044691516905,d,a
254,63.14395260651263,d,b
255,53.1952120189517,c,b
256,54.66367323450477,c,c
257,40.28572342943821,e,d
258,19.12336005424808,a,b
259,17.596924751428304,a,b
260,30.464155677520953,e,b
260,49.302571497544484,e,e
260,33.594839424555516,e,a
260,23.750944806203893,e,d
260,29.79422369791915,e,a
260,20.643233513392985,e,b
260,60.41242412518721,e,b
261,46.07755009389112,e,e
261,31.870427350831832,e,c
262,41.1597015988772,d,d
263,73.9429264912205,a,c
264,64.9637391209989,d,b
264,13.024854182877228,d,d
264,49.2198003115222,d,a
264,50.53449271126698,d,e
265,26.332071412625073,d,c
265,59.97490180256213,d,e
265,44.73203334468797,d,a
265,67.24264401337786,d,e
266,71.85849055049393,a,c
266,44.80663867084673,a,e
267,41.417517359632825,b,b
268,49.148084931117126,c,e
269,14.492299414698117,b,c
269,71.25838523264379,b,c
269,37.03201500125087,b,b
270,77.5504243948872,b,d
270,36.87865737232216,b,d
270,12.204700873957904,b,d
270,49.04794676871068,b,b
270,35.3081066768272,b,e
270,60.509631354493266,b,e
271,5.692095721287004,a,c
271,34.91732521124469,a,d
271,92.79076199964285,a,e
271,65.35482759887951,a,b
271,28.808517411538386,a,d
271,88.67255840733665,a,c
272,49.14503181987598,c,d
272,12.531580904548768,c,c
273,107.81910188535878,d,a
273,80.12927765541352,d,c
274,60.69591978137561,d,a
274,80.44496416036789,d,b
275,69.04154569170257,b,e
275,90.54396130354783,b,b
275,16.086784389983052,b,a
275,88.03207329680598,b,d
276,30.97444234562045,b,b
276,11.899203748168347,b,e
277,51.0654700289135,e,e
277,106.65509325110874,e,e
277,57.354354480856166,e,b
278,38.90912032576138,d,b
279,37.53666989559023,a,c
279,96.67185897405965,a,e
279,38.49354508764093,a,c
279,20.608149652225023,a,a
279,35.31132287954702,a,b
280,28.92749500917094,e,b
281,43.42135491664382,c,d
282,20.1417471316105,a,e
282,23.42449881342198,a,e
282,23.211703078800895,a,a
283,57.17218859101493,d,d
283,60.551284765082556,d,d
283,59.13330928140242,d,d
283,74.87446167253503,d,c
284,16.782883100398855,a,c
284,70.15428427599352,a,c
284,62.3574078274408,a,e
284,53.194865723299316,a,a
285,16.847093548440064,c,e
285,34.39960942354817,c,c
286,41.26417499433627,a,e
286,31.36087328204574,a,d
286,51.243004283843874,a,b
286,99.30094221647184,a,e
287,18.393732606572673,a,c
287,7.9965151949054984,a,e
288,16.610759731924276,e,d
289,7.7162673095504815,d,b
290,36.41542837634198,c,b
290,26.3908471357865,c,b
290,100.20975614095215,c,e
290,46.36396727982087,c,c
291,92.91673017697269,b,c
292,70.90061716927174,d,c
293,2.4682471377892625,a,e
293,40.882997317172695,a,e
294,13.122687530522597,c,c
295,41.44211489344695,a,a
295,95.46598536240867,a,e
296,39.805310566278266,d,e
296,69.67559439978687,d,b
296,12.453252639335197,d,d
296,42.34187955682602,d,a
296,101.58691370920332,d,c
297,18.21056159810905,a,b
297,59.32211240266376,a,d
297,16.603945121323676,a,e
298,47.637349279710804,c,c
299,19.177761413327183,a,d
299,91.99128220332253,a,c
299,0.6923679737579533,a,d
299,29.581718683645015,a,b
299,58.065194257971285,a,e
299,49.310232494140415,a,d
300,10.787498569392248,d,d
300,34.199276151303664,d,e
300,46.75953770645352,d,c
300,39.040884672774524,d,a
300,36.76638340437336,d,c
301,52.23441779014682,d,d
301,12.76331851889671,d,d
302,59.60967340792853,a,c
302,14.403253909369639,a,b
302,9.389828823655613,a,b
302,58.718121852617344,a,a
303,46.57685978556922,c,e
303,3.4845742929172445,c,e
303,39.370356373242515,c,b
303,76.68252289428222,c,e
304,22.253707779157356,b,b
304,61.466462752062164,b,d
304,24.787679520531665,b,b
304,47.807429751938166,b,c
305,60.95429572653612,a,c
305,98.74334051794003,a,a
306,85.24744851244003,a,c
307,77.40057371766596,e,d
307,28.711819805328233,e,a
307,64.1962499510908,e,b
308,82.5605908689677,b,a
309,47.518912000500464,e,e
309,44.46267387686755,e,a
309,69.48184957776918,e,d
309,15.527224196827461,e,d
309,68.51576966399755,e,a
309,101.67681963871206,e,b
309,42.51184618237014,e,c
310,54.12818079646925,a,a
310,30.555439978728742,a,d
310,76.30130433643734,a,e
310,86.22383900443344,a,d
311,9.14632385338497,e,a
312,63.55654559615057,d,a
312,8.868071688595435,d,d
312,69.32080642160118,d,b
312,0.6477520979876275,d,e
312,53.194366050438695,d,d
313,88.26183372435707,d,b
314,40.39630719957754,d,b
314,55.793505623931395,d,c
315,77.5496471224188,e,e
316,39.94976599217849,b,e
316,23.808938298019427,b,b
316,37.806759920239074,b,a
316,51.499190808665624,b,e
316,83.80058115652368,b,b
316,38.30480568599984,b,c
316,8.208926381327466,b,c
316,25.48061776222943,b,e
316,33.56848481708607,b,b
316,50.52083839608497,b,a
317,57.273363737272675,e,c
317,61.902975690832804,e,a
317,22.755470071255278,e,e
317,57.15812233704264,e,c
317,10.24956940212762,e,b
317,75.7212501632116,e,b
318,36.766326660960004,b,b
318,43.804190984457335,b,e
319,54.20567750476711,e,a
319,51.60019567192032,e,d
319,0.683688821287582,e,e
319,14.865851032089658,e,e
319,27.37458237656499,e,d
320,0.07753015456451351,e,a
321,110.84349915309491,e,e
321,56.04745656855105,e,d
321,16.689654060960265,e,e
321,64.10383862102128,e,a
321,49.539474086113486,e,e
321,50.28912269663295,e,d
322,84.31325893995145,c,b
322,24.974444890042392,c,b
323,15.886191046594519,c,b
324,55.58480736282422,e,c
325,47.09765417359121,d,d
326,33.42103077975863,b,b
326,0.9712178570706342,b,b
327,38.14897000446997,b,a
327,63.30605201406986,b,b
327,63.36844108197108,b,c
327,58.60410192223763,b,b
328,16.14546550250691,d,e
328,63.22702525292387,d,a
329,50.62989139350101,d,e
330,82.0373304304453,c,b
330,55.32665777468659,c,a
331,68.33053718041049,b,c
332,51.5298977884429,a,e
333,6.672717910498868,d,e
334,50.486956111390725,b,c
335,37.30864858387633,d,e
335,53.79783629400518,d,c
335,43.02670112050845,d,a
336,44.859940955568646,e,d
337,66.69623793907016,d,a
338,43.15918425389205,e,e
339,94.66178343946578,d,a
339,23.453535399894005,d,b
339,21.547705293818954,d,e
340,61.534351126788636,b,a
340,59.365162252803934,b,d
341,40.7218935005109,c,a
341,61.604607509347275,c,d
341,24.64875445818908,c,e
341,45.03482298340282,c,c
341,3.6075128391839115,c,b
341,66.2482728566323,c,c
341,11.220026167161038,c,c
341,52.13678253013578,c,e
341,11.028341340826401,c,e
341,32.00708132722053,c,c
342,63.42472074613005,d,a
343,27.52890559395401,c,b
343,41.26670553064119,c,b
343,34.41333404799814,c,a
343,69.03690548526393,c,e
343,46.73280676959128,c,a
344,85.74851960527168,a,b
345,62.87236643005999,a,e
346,31.40722357887898,a,b
346,45.56674824888992,a,d
346,33.1862457103713,a,b
346,26.211147341150173,a,c
346,64.99119657784274,a,c
347,92.15280091941084,b,c
347,47.200235759503855,b,b
347,32.29631407936459,b,e
347,21.92254402021692,b,b
347,29.330121500635716,b,a
347,48.65774627267544,b,b
347,47.64375015710399,b,a
347,40.779405679222464,b,a
347,33.92439124034665,b,b
347,54.41740593355009,b,a
347,57.270498000053735,b,e
348,68.47360526116924,d,b
349,43.80250400978263,a,b
350,74.2737628251221,c,e
351,28.596564434771576,a,a
352,19.981009100506924,b,d
352,44.59336135087604,b,e
353,21.51171164248222,c,e
354,14.756449671944324,b,a
355,56.69499066893192,a,c
356,101.55212075095827,e,b
356,69.16385047394661,e,e
357,32.35356870368986,a,e
358,39.94941020239259,c,d
358,83.89654513373318,c,e
358,93.32785838922716,c,c
358,59.60810838621603,c,a
359,35.47000854664699,c,c
360,95.33418727106894,d,e
360,26.571339934395745,d,e
361,84.17124540810292,a,c
361,28.583472260636785,a,e
361,44.331642983244535,a,c
361,45.33277122504364,a,a
361,32.6135988001747,a,e
361,83.12893176988625,a,a
361,50.53280214047085,a,a
361,76.56375417652853,a,a
361,53.62018394399705,a,c
361,66.31662364927129,a,d
362,29.787529898198173,c,c
362,42.3374015786034,c,a
362,71.34253643902429,c,a
362,29.693158748394655,c,d
362,43.14534659554765,c,a
362,99.49958704923463,c,a
362,26.255264630860786,c,d
362,49.988901444414886,c,c
363,48.93867125742044,b,d
363,70.87944073960573,b,c
363,126.2790501341975,b,d
363,33.090400594190115,b,e
363,23.36277931744358,b,d
363,42.889904236761026,b,c
363,57.89712656017051,b,e
363,49.58809220285438,b,c
364,42.98117762215573,e,d
364,4.0195976176468164,e,a
365,29.176685167388122,c,b
365,56.019940568694246,c,d
365,53.63586589695709,c,a
365,35.42398111623286,c,e
365,3.2946098982177077,c,c
365,65.13262561586025,c,b
365,51.69463209167065,c,c
365,10.284870802855004,c,c
365,89.11815484908468,c,d
365,40.998099531029595,c,e
365,69.10043556566256,c,b
365,63.64580932477844,c,d
365,101.4921328190502,c,c
365,19.867133507340927,c,c
366,53.19843941732461,c,b
366,75.35492264195577,c,d
367,4.280453066735447,e,d
367,28.65649007983148,e,b
367,13.886533623226796,e,b
367,46.47392350699349,e,e
367,62.36212075708979,e,c
367,30.62429944605398,e,e
368,46.167905346637134,e,e
368,2.6165498691540137,e,a
368,67.69779026117409,e,c
368,74.41227469393358,e,a
368,41.349856014066354,e,e
369,34.44183719587761,e,a
369,64.11496073651034,e,a
369,81.28368745474975,e,d
369,40.92978614001892,e,e
369,35.582670102502675,e,e
369,48.24421441154491,e,a
370,61.395982754223255,b,a
371,58.17351541892022,b,c
371,66.5046664897965,b,e
371,82.18812704094859,b,c
371,29.687806190969624,b,e
371,87.47185529720458,b,b
372,26.894950556687252,b,d
372,41.54808584221062,b,e
373,79.83734813308254,c,e
374,53.62100937553445,c,e
375,10.523290987870595,c,d
375,22.355465725886248,c,e
375,4.472091259918976,c,a
375,37.75880534004907,c,a
375,51.92240495396181,c,b
375,41.872896801970214,c,b
375,52.92977894745954,c,d
376,51.45520747053751,d,a
377,64.49608168023796,b,d
378,33.935156798418085,a,c
378,58.185326823614254,a,c
379,18.581633941469523,a,b
379,69.32292210521229,a,c
379,56.59961289647677,a,a
379,59.8087798057404,a,a
379,110.00984197339062,a,e
379,36.00975753869366,a,c
380,65.17587943788722,c,c
381,97.37121314848854,e,b
381,44.096278134499954,e,d
382,98.25083159352388,b,c
382,39.111719906695036,b,e
383,37.116265014112415,d,b
383,57.870885993596325,d,d
384,31.28866791142259,d,c
384,72.6228954415576,d,e
385,44.17853953844527,c,a
386,92.708143804051,d,b
386,36.84825251216532,d,a
386,81.28121335651905,d,e
386,63.9995513591279,d,e
386,97.57008068363633,d,d
386,96.8722315810075,d,c
386,22.45989357282061,d,d
387,64.6332332409535,e,b
387,19.944521744108123,e,d
387,74.62269284399261,e,a
388,34.93505139870153,a,a
388,66.39624199231582,a,a
388,86.04601530261071,a,d
389,53.09890748195744,c,e
390,46.236950648480466,d,b
390,57.872594573835826,d,b
391,20.223658285733553,a,c
392,52.38156140515046,b,c
393,52.72492002548628,a,c
393,63.366926326830644,a,e
394,61.17500921903076,d,e
394,75.46491375416176,d,a
394,61.89911027834011,d,d
395,29.52128117475272,a,c
395,58.9666247201738,a,b
396,61.97331192969283,d,d
397,23.80132803122616,c,d
398,37.894512018269445,b,c
398,59.186330968373,b,b
398,42.830847296176614,b,c
398,15.896628214745078,b,c
399,58.59989912570167,e,a
400,50.63066841853953,a,b
400,7.5745129826416004,a,e
400,20.964734973388165,a,b
400,50.130513436426604,a,d
400,61.69894830389188,a,c
401,13.739749293571549,d,c
401,11.213481654882933,d,d
401,44.39214682738988,d,a
401,26.469538521701203,d,d
402,72.67870712928234,d,b
402,30.89764185398254,d,b
402,65.71588196267075,d,b
402,22.767098082952074,d,d
402,23.67273256049976,d,a
402,83.21416623298094,d,b
402,35.143613898052315,d,d
403,60.042254566659764,a,b
403,94.99161940573718,a,d
403,24.755360894347405,a,d
403,32.818412700735784,a,e
403,48.69576591338115,a,e
403,60.298861495144514,a,b
404,12.417021515775048,a,e
405,38.06312385844374,b,e
406,85.08572641241918,a,e
407,99.09696830600109,e,b
407,93.46052375748621,e,d
407,76.70726341810142,e,d
407,63.28036001381317,e,e
408,22.726522303813056,e,e
409,90.71558404540067,c,b
410,7.492901391881887,c,d
410,1.7127070253248888,c,c
411,24.083975057026603,d,c
411,18.810291586737332,d,c
411,67.35036895062248,d,e
412,44.15806778978773,e,d
412,21.524027761374754,e,d
412,53.98870690637673,e,b
412,81.70674905944202,e,c
412,64.3644741624805,e,a
413,73.13233620169261,a,c
413,80.82224628077624,a,c
413,31.205636772562745,a,e
414,7.179538821044062,a,a
415,92.02329688229904,c,c
415,75.63415181701143,c,d
416,108.1084953613709,c,c
417,34.64374481103873,a,b
418,44.04316081552386,a,d
418,55.731000648441224,a,e
419,84.93306582870792,e,c
420,42.19590949371867,a,c
421,38.313301246651,b,d
422,73.34051562476844,d,a
422,76.0842593414262,d,e
422,57.15863963468855,d,e
422,17.62471890415206,d,a
422,60.70185588276385,d,d
422,93.10600339020621,d,c
423,16.082675332290243,b,a
423,57.32358804883405,b,c
423,52.69580120207174,b,e
423,24.81454430400603,b,d
423,48.03339692845415,b,b
423,51.5189876716561,b,a
423,76.73969437673335,b,e
423,55.30757475869236,b,c
424,77.65513176844095,a,d
425,52.60400102278587,c,b
425,27.860181039358157,c,b
425,11.76693167676541,c,e
425,32.9877618886195,c,c
425,36.437987315356416,c,b
426,8.85346110192421,b,c
427,35.152332188635434,e,a
427,88.74296068471232,e,d
428,25.525442264387994,d,e
428,35.90349644690794,d,d
429,21.6932866300905,b,c
430,59.3394934696488,e,a
431,25.04162641837537,b,e
431,33.44427391955793,b,e
431,66.21851149982936,b,a
432,32.11887339707552,c,c
432,55.8045309503095,c,b
432,28.460094368271204,c,d
432,53.35268194679808,c,d
432,80.29725136707272,c,d
432,54.85775983102523,c,b
432,104.97048922330023,c,d
433,69.11445507489198,a,d
433,29.353828199584306,a,d
433,34.92602678125169,a,a
433,26.65606762178502,a,b
434,48.99089432053493,e,c
435,80.46039012925453,c,d
435,27.303172700326687,c,a
435,77.81763816700479,c,a
435,51.22441171407928,c,d
436,45.928432885341806,a,b
437,89.98483408422862,d,e
437,33.94952131849456,d,a
437,33.50083213360574,d,d
438,47.61369956507748,d,d
438,56.310890255805354,d,a
439,46.95502279555244,c,e
439,58.82366037200646,c,d
440,0.5423386952264622,e,e
441,52.51527543713714,e,d
442,49.989633952441594,a,b
442,48.15867518587437,a,d
442,47.17150935842477,a,d
442,73.72885397330424,a,d
443,69.73038444679709,e,a
443,61.5729844887332,e,a
443,81.24351121102139,e,b
444,11.470156547396208,d,e
444,40.3520428808563,d,e
445,39.010747966305395,b,e
446,53.46243065570138,a,c
447,28.127039512293013,a,c
448,50.115808186938665,d,d
448,83.43078657410486,d,c
449,44.42027882923436,a,e
450,42.06978511456301,c,e
450,5.1975892028096595,c,a
450,68.38680329239355,c,e
450,25.091943838103788,c,b
450,49.751477842191555,c,a
451,90.93841841098177,b,b
451,64.60369971501636,b,a
451,20.707667334118895,b,b
452,81.12901254418344,b,c
453,18.349989167457164,d,b
453,42.93402644831591,d,c
453,37.16899544291893,d,e
453,25.87266416575459,d,a
453,23.319555202482512,d,b
453,28.941696285739933,d,a
454,37.578333820093704,b,b
454,68.77633037734216,b,e
454,29.69771892911579,b,b
455,56.56075796449657,b,c
455,83.49325008592172,b,a
455,76.50966660273224,b,c
456,68.86519220535881,a,c
456,43.95093858655194,a,a
457,55.49882154735547,d,a
458,1.1493437260417139,a,c
458,66.45446260590747,a,c
458,33.135685653408444,a,e
459,76.57132121942355,b,d
460,7.700732756491249,a,c
461,58.794913489426065,e,e
461,44.662164435577026,e,a
461,19.8200144119858,e,e
462,88.86610855276359,c,e
463,68.3456383609659,a,e
463,14.443380520174095,a,e
464,73.26651389725902,e,b
464,29.599322881998717,e,a
465,48.44560753766077,e,a
465,18.215526034833157,e,e
465,44.97819777281108,e,a
465,82.31757908147857,e,c
465,29.833299126715385,e,a
465,111.92669180887566,e,c
465,55.2996726602001,e,a
466,46.977382481476035,b,e
467,38.450384907470365,d,c
467,31.42025172487755,d,e
467,95.41001324869833,d,e
468,17.113750434976225,b,b
468,83.43819755204862,b,b
468,48.841767377089056,b,e
468,16.802635188897177,b,a
468,72.32401169422792,b,d
468,35.77015536188141,b,e
469,29.727065664628878,b,c
470,72.00748289184205,b,d
471,48.867209397940826,e,e
472,68.85877062959275,a,c
472,76.94861205004922,a,d
472,66.60027067165015,a,e
472,57.73137847664117,a,e
472,34.38304142103737,a,a
473,54.63753757638531,c,b
473,37.3478536417114,c,a
474,53.87191651278034,a,c
474,11.154263685903274,a,e
474,75.01865261835637,a,b
475,19.803498833413176,d,a
475,16.781850420120684,d,e
476,57.011467059241554,a,a
476,75.21122212067948,a,a
476,32.73366862151882,a,a
477,52.66635188268938,a,b
477,34.70620031548958,a,d
477,44.36974751587502,a,e
478,71.84619837229158,c,d
479,68.72832555812013,e,c
479,22.640584930477235,e,e
480,46.9209426073298,a,e
480,4.269375791993383,a,e
480,55.7712273414581,a,c
481,35.204974869301374,e,e
481,43.29172547824751,e,d
481,35.03089901455578,e,b
481,48.68083069776706,e,e
482,43.434115652928966,e,a
482,90.8863400969861,e,a
482,32.068465606013994,e,e
482,66.85047396255906,e,c
483,50.58217767190761,d,b
484,10.247236210021015,a,b
484,68.04472922403755,a,a
485,5.37940097758711,d,e
486,28.965772119896094,c,c
486,62.79232269296761,c,b
486,17.508055179454217,c,d
487,60.94092682631637,d,c
487,28.901988068666665,d,d
487,37.30117422506389,d,b
488,72.29443128274224,e,a
488,10.78846605285505,e,e
489,66.6375343530335,d,b
489,39.13450499733297,d,b
489,52.42535456866961,d,e
490,47.498794260382915,b,d
490,64.45470478789251,b,c
490,84.07801948030951,b,a
490,58.270225495735104,b,b
491,36.99604706417027,d,b
492,71.43931335651484,d,a
493,69.7281081260125,c,e
493,55.40280841577003,c,b
494,33.29021507607672,d,a
495,62.93568849045822,b,d
496,63.78135115223719,a,d
496,30.868057315027034,a,b
496,31.34481715486094,a,e
496,81.16192372381659,a,b
496,62.696792452552174,a,d
497,25.20227894401358,c,c
497,117.02756342997142,c,c
497,85.60988985184241,c,b
497,36.430860163613275,c,a
498,41.60884814726809,b,c
499,65.66527897471185,e,a
499,33.09913870148666,e,d
499,46.43390755484947,e,a
500,85.19902696713379,a,a
500,45.6173667054979,a,d
500,22.535716053932468,a,e
501,49.93676321596863,e,b
501,46.19914696529401,e,d
501,60.756278444555086,e,a
501,57.01808157456306,e,d
501,65.88068145612085,e,d
501,63.698236255687085,e,c
501,60.420923044138696,e,b
501,75.48038369981357,e,e
501,75.51243738356743,e,b
502,41.44774988273274,a,e
503,46.22221867869436,b,c
503,108.22919912603581,b,b
504,107.2536977184375,d,c
505,76.35645137151235,b,d
505,109.379763037954,b,e
506,38.68524506705189,a,c
506,7.525263112011984,a,d
507,27.97526246793424,c,e
507,23.403022890257507,c,e
507,57.190310934492835,c,e
508,30.79792931445633,b,b
509,28.091193552185523,b,a
509,29.145817888549626,b,b
510,48.399947683713286,c,b
510,24.647935745470217,c,a
511,9.621941065860113,b,b
511,18.729724759926665,b,d
512,24.0602390971599,e,a
513,61.423343466878926,b,a
513,67.66372872782506,b,c
513,63.25165269062083,b,b
513,72.85935101334255,b,b
514,29.009216162532773,e,b
515,7.1226916169328405,a,d
516,51.632606575297515,e,a
517,82.99569113284012,c,a
517,57.764981032018405,c,a
518,60.766757729802535,e,e
519,27.28666283139815,a,d
519,66.22611420418113,a,a
520,55.8895584286165,c,d
520,58.36850668874945,c,e
520,42.679723551544456,c,b
521,77.68846198445074,b,c
521,80.11098995839032,b,e
521,27.651925793558636,b,a
522,65.39400765614353,e,c
523,8.360834005255043,e,a
523,38.662842258590985,e,e
524,39.538126665974104,e,c
524,33.5299758242023,e,a
524,29.328550232990615,e,a
525,39.51198451393,a,b
525,82.68270927128523,a,d
526,63.811655711786244,e,a
527,63.671932479724276,a,d
527,44.96173350775869,a,d
527,8.205207627421785,a,a
528,60.67166844318275,b,d
528,78.83805009841316,b,e
528,113.90381645020402,b,e
528,29.46496580038849,b,d
529,60.270135010489135,b,e
530,89.48083620530494,d,d
530,46.14543300373112,d,b
530,68.33426835317672,d,a
530,55.55005660710585,d,a
530,22.346997229265664,d,c
530,57.20786071149591,d,a
530,83.13412643945121,d,e
530,56.86551663624937,d,c
530,45.245931883665634,d,d
531,54.31218424965469,d,d
531,40.38309897657252,d,d
531,44.421015400946544,d,a
531,47.80766819037828,d,a
531,32.30345496743568,d,a
532,56.7834766388233,b,a
533,50.65560532965645,c,e
533,25.054913646323673,c,d
534,57.0230315194335,c,e
535,73.25232267514363,e,d
535,1.3849942211482187,e,d
535,56.71657989165831,e,a
535,83.58786504159846,e,c
535,68.58539481410808,e,b
535,30.362514339644896,e,c
535,35.98456075377966,e,d
535,75.54726219111936,e,e
535,49.66279688266035,e,e
535,38.2044072012516,e,a
535,12.172524411902543,e,e
536,70.68771563507333,c,e
536,77.7220907072441,c,e
536,37.99194831281333,c,d
537,46.24920795677892,d,e
538,82.2008128129557,c,d
539,53.94789472070946,b,a
539,26.2034303045715,b,a
540,43.35199299498898,b,b
540,57.162854609815554,b,b
540,54.70125021001865,b,a
541,88.78670678050335,c,a
542,27.435354365174984,d,c
543,31.254117312695687,e,d
544,69.21668655996952,c,d
545,60.73394685692686,e,b
545,54.43033790389623,e,c
545,58.73034942435102,e,c
545,28.31754929346776,e,c
545,49.75997781901785,e,e
545,30.373225053579567,e,a
546,34.75563627904513,c,d
546,6.178938653056434,c,a
546,33.79777897557048,c,b
546,51.98358515936965,c,d
546,42.84936357317551,c,e
547,56.10039280449576,e,b
547,35.12714287550013,e,c
547,60.59146237414501,e,b
547,26.39897698113521,e,e
548,31.69966435342313,e,b
548,55.01114138763814,e,c
549,38.81114443282511,b,c
550,106.61494057981935,b,c
551,85.51984195811849,a,d
551,86.99854126193614,a,a
551,42.40216076887718,a,a
551,18.918409391005625,a,b
551,62.74990988412118,a,d
552,49.748671330664216,c,d
553,19.163871659583492,b,e
553,28.0731740163964,b,e
554,74.80717446868566,c,d
555,72.1087871964718,c,d
555,15.508444650109702,c,c
556,85.8727644067632,e,c
557,41.513461481227395,d,c
558,49.36287044738717,c,b
558,48.56689281230192,c,d
558,69.29705462934244,c,c
559,29.02161906593961,e,d
560,27.89622988701213,c,c
560,66.79028750684694,c,a
560,42.24839904035686,c,b
561,71.4272172569505,c,e
561,52.71726908817969,c,c
562,27.960520344778082,c,b
563,78.43677140498093,c,a
563,49.586743167571804,c,b
563,22.814405742235362,c,d
563,61.24560261462158,c,a
563,66.65751581601772,c,b
563,53.58581223329457,c,c
563,86.11018629412183,c,e
563,26.913566256081047,c,a
563,33.32139578710071,c,d
564,106.44139623800743,c,d
564,31.134019987479924,c,a
564,111.55150777498345,c,e
565,40.3547672051877,c,b
566,70.56347191798552,b,e
566,22.99521777839922,b,a
567,1.6965472422886805,c,b
567,40.32259811736112,c,c
568,83.98680258695057,b,b
569,27.85950201747928,c,c
570,85.05624287165953,d,d
570,59.10421223607002,d,b
571,46.2417642064433,b,a
572,2.7826660409463813,b,a
572,37.29882834902762,b,a
572,86.86883817270328,b,c
573,50.989558583506835,a,e
574,66.3236664074517,c,e
574,79.78469432678479,c,a
574,66.39411964781468,c,b
575,39.5549704792411,b,b
576,57.85402991553386,c,d
577,56.24628465056658,a,e
578,79.43465705752115,b,c
578,66.2579420372355,b,b
579,59.766796573942926,e,d
579,0.6825364454456775,e,d
579,33.72439796940138,e,e
580,90.56701790932064,d,b
581,40.52909065215405,c,b
581,19.90898414575585,c,b
581,75.71280475825644,c,a
581,51.392444931579114,c,c
581,32.88827170077987,c,c
581,52.77804079300241,c,d
582,36.29859139782853,a,c
582,105.5432149562409,a,e
583,88.36686672750432,e,e
583,27.622334524678795,e,d
584,62.88737321335189,c,d
584,51.390030097793854,c,d
585,88.22286900946038,e,c
585,51.13743701134158,e,b
585,40.275432023060375,e,d
585,36.752425375008116,e,a
586,70.47995542180882,c,d
587,88.78378996977094,d,b
588,47.14782652102581,c,e
589,21.464489909203326,e,b
589,48.62721616619521,e,d
590,23.97425494002826,b,e
590,14.988634062272837,b,c
590,31.376534821378325,b,d
591,95.19095130698722,e,d
591,44.66023797285428,e,b
591,10.64229225863648,e,c
591,61.32903830013997,e,b
591,81.87357981166973,e,a
591,20.47251473088265,e,c
591,46.714496277062196,e,b
591,36.68983294249077,e,d
592,64.71086865844204,b,b
593,34.558937084021366,a,e
594,87.81581285705872,a,e
594,23.354916384999818,a,d
595,100.60576001571104,e,e
595,23.587584220344006,e,a
595,54.626341135941566,e,a
596,49.3852078663649,a,a
596,60.779805016163884,a,e
596,46.71529769295857,a,e
597,28.26832478366727,b,a
597,87.49500896610976,b,a
598,37.26444217383714,d,a
599,48.705577816207175,d,c
599,43.59476378880535,d,e
600,45.54700573954396,b,b
601,61.131767196076694,c,a
601,49.346268221125406,c,e
601,44.14274599459712,c,c
601,86.799493893808,c,e
601,72.90968632018638,c,b
602,9.074742806417582,e,a
602,75.18414638452171,e,c
603,48.85127764544333,b,d
603,65.14124158807482,b,a
604,42.83176885731421,a,e
604,54.97296659382812,a,e
605,46.58762818908502,d,a
605,46.92581493868454,d,d
606,26.607256408069425,d,d
606,93.03448792378671,d,c
606,3.400451669621461,d,c
606,72.46190395563474,d,a
606,22.247633412700964,d,c
607,10.45315550962804,d,b
607,37.917905273741454,d,b
607,30.417056379313895,d,c
607,61.39273804690738,d,a
607,57.934391796064126,d,a
607,32.794611387821405,d,d
607,24.49805478001585,d,c
608,89.08694841404248,e,a
609,58.44819581575907,c,d
609,68.36270586488033,c,d
609,79.14487105914444,c,c
610,45.861316781556454,a,b
610,99.49614608650465,a,c
610,70.89702100490783,a,e
611,60.55497363284726,c,c
611,10.428351048229281,c,e
612,38.93718123838633,b,a
612,63.805106779243275,b,b
612,61.53927785562107,b,a
613,38.40109357666357,e,a
613,114.92125271322308,e,c
613,22.12892207231703,e,a
614,4.6747023499211835,a,d
614,27.825878778010452,a,b
614,61.1901446986832,a,c
614,33.550288409367816,a,b
614,16.567210994725066,a,d
615,4.26497977776944,c,e
616,5.882585106879098,d,c
617,57.45659945285204,d,a
617,37.41428829397965,d,b
618,81.1232714983749,b,c
618,11.732315694660542,b,c
618,29.7515192442847,b,c
619,15.874686117479854,e,a
620,80.04805372922381,a,b
621,32.95823438246673,b,a
621,31.274476520358814,b,b
621,68.93485554191184,b,b
622,33.403732940924726,d,b
622,60.542880209928185,d,a
623,33.24868280664471,d,c
623,54.16027339158927,d,a
623,70.82860394472434,d,b
624,41.44989702836958,d,b
625,76.04373868159644,e,d
626,59.653802882134784,c,a
626,24.49409997470881,c,d
626,15.647687404479612,c,b
627,50.77684701766624,e,a
628,25.551128540704763,c,b
629,64.74906319679951,d,b
630,75.69579109360595,e,a
630,29.12325188199049,e,d
630,55.24874796209579,e,d
630,57.70969274692432,e,b
631,27.764124234320757,b,b
631,69.42946209441459,b,c
631,44.84738881117647,b,a
632,50.61878358370892,d,a
633,33.83290673985289,c,d
634,33.32722872211314,c,a
635,56.76021176955065,b,a
635,49.30633584169565,b,a
636,83.26886792316647,d,a
636,39.4439344137115,d,a
636,45.25588604941624,d,a
637,70.30410083342636,c,d
638,67.82608801800473,a,c
638,58.96992224117445,a,e
639,75.82300627428961,e,a
640,60.79272391443104,b,e
641,45.75535377754308,c,e
642,49.004049994232844,a,a
643,52.23348881017152,a,e
643,53.67065737341785,a,e
644,79.9539984106581,b,d
644,31.50736508359941,b,d
644,64.3181276587417,b,d
645,39.2505479992923,b,c
645,37.48708985232611,b,c
645,33.50191496795287,b,e
645,15.323906555821459,b,d
646,85.67878130357448,c,a
646,9.937909702147877,c,e
647,36.053740834563534,b,d
648,21.753250052886276,e,e
648,19.511187961601546,e,b
648,18.63739968679625,e,a
648,61.6277088322057,e,a
648,62.640535205949966,e,c
648,110.1465624821648,e,e
648,51.907975190705486,e,a
648,76.72807222817164,e,d
649,67.658955720227,c,b
649,95.95109385343213,c,b
649,80.65348935264711,c,a
649,78.87806608171064,c,d
650,54.258935598764616,c,e
650,60.61470154792269,c,d
650,17.514593487334807,c,c
651,1.8737906649393992,a,b
651,32.726069505814394,a,e
651,76.96103023885956,a,d
651,62.26515638378838,a,a
651,39.698796557267364,a,c
652,71.18958910686108,c,c
653,23.812687315623826,e,a
654,40.814663016290936,e,a
654,133.3975645406024,e,d
655,97.21322769812508,c,a
655,38.08256936171545,c,d
656,80.02370764303632,d,c
656,50.95215416332992,d,d
657,79.75223735201018,d,a
658,38.15248437099519,c,e
659,8.864213831937292,d,a
659,39.00856591124643,d,e
660,31.430893596155457,d,a
661,34.307469668901525,e,a
661,33.279544724522324,e,b
661,29.357764819565414,e,c
662,60.75146877413012,e,a
662,25.28357324989477,e,c
662,46.101752575812164,e,a
662,32.00407074726102,e,b
663,59.90018853784302,d,c
663,64.01464866377992,d,b
663,65.59994335532076,d,c
664,45.94690872640534,e,b
664,17.08293256412238,e,c
664,43.73118817021408,e,c
664,79.69457863070319,e,b
664,42.6362630261021,e,a
665,42.71637166770253,d,c
665,90.13815085790377,d,e
666,59.14212482905806,e,c
666,50.293082875978754,e,a
666,34.85473014295572,e,d
666,43.81061365811087,e,c
666,43.483007925757455,e,e
667,88.97681866981443,e,b
667,43.30434967855187,e,c
667,58.379744532145594,e,d
667,11.233615573511806,e,d
667,89.06940569259672,e,a
667,33.47000326336004,e,a
668,50.56192588235366,d,e
668,48.01431283245893,d,b
668,55.26882519789828,d,a
669,32.753641952491215,b,c
669,39.653277767856565,b,c
669,42.02433624028337,b,b
669,42.968673201841874,b,c
670,98.20812978893244,d,c
670,41.6694710954059,d,e
670,65.04645069901679,d,d
670,54.39559369264289,d,e
670,37.50570756144834,d,d
670,28.99373468399477,d,b
670,38.97574678367501,d,a
671,7.086974982165181,c,b
672,3.1251463877781873,d,e
673,51.4066126005658,c,b
673,62.92892808345728,c,d
674,56.07763342870477,d,d
674,52.679031945911056,d,e
674,45.47875778601153,d,e
674,44.133723964719,d,d
675,28.875239029522493,e,a
675,22.34583131637866,e,a
676,53.267863618964036,b,b
676,44.86791068892188,b,c
677,46.12835783594844,c,e
678,36.32494485411078,c,c
678,109.72057326130177,c,a
679,21.941821115498293,e,e
679,61.14483954317505,e,c
679,51.54435164545648,e,b
679,0.4116387715332763,e,e
680,63.045907555020825,b,a
680,51.877124061535824,b,b
681,2.005901233521854,d,d
681,20.411862112111308,d,b
682,59.433447083329725,d,e
683,77.48282074507824,e,b
683,49.75987143578719,e,a
683,38.16563319634033,e,e
684,59.80249036420582,d,b
684,82.28738756136173,d,a
684,44.822881158708306,d,e
685,70.2179383963159,e,b
685,56.32664468298311,e,b
685,94.562322004076,e,c
686,20.742526636344,a,c
686,51.74914443518328,a,c
687,49.23439286581749,a,d
687,52.77527092867238,a,e
687,69.80045528962893,a,c
687,67.36186094420115,a,e
688,32.6162666695977,d,e
689,39.669328357829606,e,a
689,18.723740017209234,e,e
690,86.15239841604419,d,a
691,57.38925751258267,a,e
691,80.96929435709922,a,b
691,39.94141372493222,a,c
692,21.866056265501594,e,b
692,39.07305015653074,e,b
693,58.29479022785669,b,a
694,39.16699892614123,a,c
694,78.44037760391203,a,e
694,77.76667396186049,a,a
694,36.41618855855069,a,d
694,45.963920731072555,a,b
694,59.95079216580064,a,d
694,59.96153472879357,a,b
695,32.978659603698745,b,d
695,54.52835623233113,b,d
695,69.49007875251938,b,e
696,60.19102375579754,d,a
696,72.12143936006734,d,d
696,39.79419849517455,d,e
696,20.278483221590253,d,d
697,41.30070019914116,c,c
698,46.18525129051889,a,e
698,39.73995070088678,a,c
698,76.28361454202098,a,e
699,38.429007757782834,b,a
699,29.329736643563166,b,d
700,51.66344402105257,c,b
701,56.686924915044465,e,c
702,13.505128437128676,d,e
702,80.91464551239012,d,c
703,27.20727207516522,c,c
704,26.946065365537542,a,b
704,22.949558422947824,a,a
704,48.84988288882703,a,d
704,41.64914298102389,a,e
705,93.32171602729923,c,c
706,91.55710585485754,c,a
707,34.380731050605284,d,b
708,48.29970564526145,e,d
709,39.80337757793399,a,d
709,65.6511811609314,a,a
709,62.69963132644754,a,d
709,66.8687438438758,a,d
710,92.06269215154856,c,d
711,49.623735003941256,c,c
711,60.59499359409099,c,a
711,44.83448773212563,c,b
712,127.17906055833495,d,b
713,30.86065486096159,c,d
713,63.31601498743465,c,d
713,29.71291407186708,c,e
714,38.723481466735294,a,b
715,77.3104490453256,e,c
716,56.0517588526485,a,e
716,61.155614940756934,a,d
717,46.39542398989616,a,d
717,52.29949483697292,a,b
717,32.373427955627314,a,c
717,39.796193038499595,a,a
717,56.143518531275575,a,b
718,34.347926098132376,c,e
718,45.7411641241103,c,a
718,72.61380208295277,c,e
718,33.17375213108314,c,d
718,98.63143301008077,c,c
718,81.08692520080642,c,b
719,43.67259516003361,b,d
719,64.59895155279303,b,b
719,66.86072544924787,b,b
719,2.630078988119429,b,b
719,58.603586375054235,b,a
719,92.66061263053439,b,e
719,73.91366975997619,b,e
720,55.48243148372332,e,a
721,36.207412206397684,c,e
722,39.70580498475148,a,d
723,72.4349179565005,d,d
723,15.103446918908915,d,b
723,60.26726733156904,d,d
723,54.66948849695582,d,a
724,27.628140573019795,e,e
725,74.81046494956362,e,b
725,31.76183203759007,e,a
725,63.94409944399274,e,c
725,89.1175947164617,e,d
726,97.42531403244632,a,d
726,83.14183732299176,a,c
726,89.36369004741478,a,c
727,0.857619039655809,a,c
727,55.75438166606136,a,c
727,24.150902820276325,a,b
727,68.16185116891975,a,a
727,68.00219825543229,a,a
727,63.13378559840622,a,d
727,29.869687380040556,a,b
728,56.52619425938283,b,a
728,78.20645904655723,b,d
728,52.76410698573358,b,a
728,37.23684645905694,b,a
729,32.67139950527081,d,d
729,53.044667146260345,d,e
730,46.44822593845128,b,a
731,98.47095341159377,b,c
732,9.15384026533372,c,a
732,44.235956007178956,c,b
732,56.15183692619859,c,a
732,84.87475343837338,c,b
732,90.69653909971296,c,c
733,94.44291257381627,c,b
734,27.483101692793973,d,c
735,44.069893436404556,b,a
736,51.34268510808053,d,e
737,27.445265441717364,e,d
737,70.16669442641633,e,e
737,80.73868782489724,e,a
737,55.975993622794455,e,b
738,15.336676021109362,b,e
739,92.94598626787132,a,e
739,53.432215222852165,a,c
740,73.70185817362673,d,c
740,11.920128203659125,d,b
740,0.9560278898167596,d,e
740,94.95229756351527,d,b
741,41.23073294610578,d,c
742,41.893872887246424,a,e
742,85.29952385513153,a,e
742,56.266906546075646,a,d
742,18.019514431873134,a,e
743,46.663782969234674,d,e
743,51.58755298591595,d,a
743,64.19539261480635,d,b
743,98.01226808190461,d,b
744,34.036227758526834,c,e
744,58.35762642950997,c,d
744,58.385286132564275,c,e
744,4.582989534884206,c,b
744,33.99688939641799,c,e
744,20.007423284011427,c,e
744,55.37510671826906,c,a
744,50.488384733128214,c,d
744,71.96677324980078,c,c
744,6.1168278292544045,c,e
745,37.935512309336,d,b
745,73.40403452629205,d,b
746,58.71448357526079,c,b
746,37.346737248436916,c,b
746,42.60742398081854,c,e
746,79.43922578098287,c,c
747,62.45727894351679,b,a
747,51.40640533632934,b,c
747,42.54329007377786,b,a
748,59.21784896087212,c,e
749,37.4331204347188,c,a
749,76.25513448320935,c,d
749,8.690094400591747,c,d
749,68.01229463638842,c,e
749,83.00169318931204,c,a
749,29.83464337336227,c,d
750,22.464635842608203,d,a
751,75.70726763519968,b,d
752,59.46862852351866,d,e
752,62.51681302277083,d,c
753,50.118816257924564,e,a
753,48.37078107199995,e,e
754,63.5612002760664,c,b
754,17.516976074067387,c,e
754,32.35629462119784,c,d
755,15.987896660742095,b,d
755,38.98813231852228,b,b
756,84.17760893935085,d,d
756,23.14629754022513,d,e
757,31.297187045253605,e,b
757,75.59128312351706,e,a
758,63.517904457697284,d,d
758,66.24758360747549,d,c
759,63.05188474697861,b,d
759,49.057841000138396,b,a
760,8.580368230055392,e,e
760,68.74175892723518,e,c
760,8.167882668489113,e,d
760,63.78810320644917,e,d
760,74.26744068216598,e,c
760,99.28757555219491,e,c
761,44.525469812203006,e,d
762,102.40369126103238,c,d
762,38.39471599214167,c,a
762,51.321660537657024,c,b
762,44.10327985121392,c,d
763,25.146441390382222,e,d
764,62.291126848934326,e,c
765,50.845466588938066,c,e
766,42.552265109609806,a,c
766,93.23185141500511,a,a
767,33.4822163443163,b,b
767,5.125175140301749,b,d
767,37.03292940365218,b,e
768,47.67778045427443,d,d
768,1.684883407773107,d,c
768,72.29173986332697,d,d
768,18.187841068105577,d,b
768,110.17420438152904,d,e
768,67.49437931498028,d,e
768,52.47451375805229,d,a
769,23.02169288858008,c,a
769,63.02213524365398,c,a
770,67.08829279703315,b,e
770,82.09820293304358,b,b
771,38.77269327724216,e,b
772,23.143016128423476,b,d
773,96.10274292006746,c,e
773,14.228594084524616,c,d
773,29.143606612085453,c,a
773,47.535704044158855,c,b
774,89.32231784786408,a,e
775,73.68340187278547,c,c
775,56.386603371861874,c,c
775,75.27197742498228,c,a
775,28.576159340617092,c,b
776,92.21427474671596,c,c
777,61.96970312342282,b,b
778,6.3621701789550755,d,e
779,77.24580737736795,a,a
779,86.84565305693383,a,b
779,55.42787371224944,a,a
779,76.59111544243007,a,d
779,38.46133157933469,a,a
780,46.0727519879289,c,b
780,55.57573788220261,c,b
780,35.16789541164215,c,b
780,80.75173253516601,c,c
780,70.24619683865839,c,e
781,33.18080696878681,c,e
781,34.36214397383772,c,a
781,79.81120013632687,c,e
781,31.377970213247544,c,a
781,4.955860750452231,c,e
782,37.47158740590493,e,b
783,33.48036274540655,e,c
783,76.52108791847621,e,b
783,60.191716279687256,e,e
784,1.801687718986571,b,d
784,67.00690581203322,b,b
785,47.90286506949362,d,c
785,32.61863328366274,d,a
785,93.84290073360314,d,b
785,56.160762953596866,d,e
786,61.593490686202465,b,d
786,40.09650096594862,b,c
786,55.8113672488983,b,a
786,56.49519229849457,b,d
787,53.15625642432149,b,b
787,50.93041850866471,b,d
787,70.93139885777084,b,d
788,24.720917117454782,e,b
788,1.6408726360603723,e,d
788,45.48874190659053,e,b
789,64.72983060907929,c,c
789,69.67327909784765,c,c
790,58.40728417159859,a,a
791,26.61927447337609,e,b
792,71.53061980496902,c,d
793,53.304125959085745,c,d
794,49.568615893015576,b,a
795,39.34034697625867,a,e
795,59.34160410350457,a,c
795,28.920638137852684,a,c
795,50.05497553143371,a,a
795,24.33371915779337,a,d
796,61.172293900717506,a,e
796,69.18574198095398,a,e
797,70.85441269646162,c,b
797,65.56715430570095,c,e
797,64.21743997139181,c,d
797,13.536165666068214,c,c
797,88.89022444737236,c,a
797,57.32996416571867,c,d
797,34.57592095144673,c,b
798,77.2802722563029,c,b
798,60.70865810866566,c,c
798,48.86299835549037,c,c
798,61.86282558069429,c,e
798,10.73719948051852,c,e
799,46.269361923959124,b,d
799,56.08784500142215,b,b
799,39.31208416225286,b,e
799,54.73825658509034,b,c
799,94.81445627712748,b,d
800,30.95857045403498,e,b
800,15.332531255720966,e,a
801,25.03204350463851,d,e
801,39.15316952327039,d,c
801,81.15633398219649,d,d
801,55.64568121368781,d,a
801,32.385641362158495,d,e
801,52.87317660918089,d,b
802,26.18440028405092,e,e
803,71.60525478102163,a,e
804,88.94350947794098,e,e
804,99.73174994601261,e,c
805,12.340166110681125,e,d
805,6.049667209405193,e,a
805,60.707108613655485,e,c
805,8.633907443376295,e,b
805,57.053637958080834,e,e
805,88.86715246035723,e,a
806,71.03686506526827,c,b
807,48.16106853450688,b,e
808,20.11135259172359,b,a
808,59.82031071465048,b,d
809,59.64983408500002,c,b
809,31.73364577657645,c,e
809,52.49761601578108,c,c
809,13.418357249134566,c,b
810,69.16041517437804,d,c
810,62.50830209282549,d,e
810,27.981639168687224,d,e
810,61.068478633528954,d,a
810,89.47171710902703,d,a
810,30.21448077351003,d,e
810,18.060072003404205,d,a
811,49.1070287967788,b,b
811,56.27834804943559,b,a
811,46.20394277798066,b,b
811,41.445096233587385,b,a
811,69.07712831852925,b,c
811,21.109396101436346,b,c
812,76.67432799033944,c,b
813,83.72444998943149,e,a
813,35.0050525166663,e,c
813,80.47272559350421,e,b
814,97.22105365907345,b,c
814,47.28081747064787,b,b
814,26.027464060992767,b,b
814,2.609541576069738,b,b
815,34.43949060408207,d,c
816,76.64514202066889,e,c
816,25.523895037398738,e,b
816,40.470857013786066,e,a
816,76.75134042518029,e,b
817,54.444613938118664,d,c
818,56.12675379614321,d,c
818,25.365137413962564,d,b
819,60.07232665998799,e,d
819,82.0747283130095,e,d
819,26.62891324503417,e,b
819,65.21853947800818,e,a
820,36.59285377562677,a,c
821,83.78691038997337,a,a
821,47.00147241812682,a,e
821,51.24920734177792,a,e
822,45.91948933814955,a,d
822,8.084004643310472,a,a
823,26.77814548253315,a,c
824,53.391983064289846,e,c
825,41.942186204117945,b,b
825,62.74391863064838,b,b
825,43.32745641778677,b,e
826,13.137826878571069,d,b
826,43.57659484402067,d,d
826,6.733096297564941,d,a
827,42.94324848252671,a,a
828,41.73327803022685,e,d
828,92.68194602700967,e,d
828,72.21556403386313,e,c
829,63.639694093762095,c,b
829,81.96261608486037,c,b
829,28.01515973230324,c,b
830,36.48418371685583,e,e
831,73.58579247413927,d,e
831,76.03909732049345,d,b
831,44.19480369021575,d,d
832,46.7259375555631,d,d
833,68.17410146623864,d,e
833,53.98599582501195,d,a
833,26.940751012900193,d,c
834,93.31637029268848,d,d
835,58.8575644664983,d,b
835,1.8628887753093224,d,e
835,56.40643156028338,d,d
836,55.30031635385821,e,c
836,86.34102555150683,e,b
837,50.0006255606503,b,a
837,31.129965906865444,b,a
837,36.56787298335418,b,b
838,60.182733376301215,c,a
838,29.521451884456038,c,d
838,68.38033876796504,c,d
839,5.285805065293296,b,c
839,35.5591915326231,b,e
840,64.01539483284172,d,a
841,37.782604135037346,b,e
842,14.740508627624195,b,e
843,113.05158089267725,e,a
843,23.154829908020652,e,d
843,16.539023464441257,e,b
844,5.676921970733694,b,e
844,52.49942037821109,b,e
845,53.85354095644973,d,c
846,44.11388524984628,e,b
846,41.714161265314175,e,d
846,21.683577691965173,e,e
846,6.086845786827524,e,a
847,78.43688717041869,a,b
848,61.998975190025114,a,c
848,65.72654694533992,a,c
848,82.10821536469976,a,d
848,2.012342046505978,a,a
849,68.04601388189158,d,c
850,39.55316340781763,c,d
850,40.62983996869798,c,b
850,76.08295852874143,c,b
850,74.54420849831274,c,c
850,54.10846088341438,c,d
851,44.43982788333271,e,c
852,68.92634709372993,e,d
852,36.36359422810374,e,d
853,40.67542840191507,c,a
853,54.18148791719917,c,e
853,63.457435387933515,c,b
854,65.58411934445557,a,b
854,78.72920295889372,a,b
854,11.458105296427405,a,c
854,0.37605402537560195,a,e
854,40.17118634496856,a,a
854,2.6821539754922554,a,d
854,59.802542624009305,a,b
855,59.74461451866749,b,a
855,72.3071257394808,b,a
856,30.73889505305415,c,c
856,77.54458605952487,c,c
856,59.45261777818426,c,c
856,60.36995286972628,c,e
856,26.182483576758916,c,e
857,21.243571879122708,c,c
857,84.937813585642,c,d
857,36.09054574325696,c,d
858,48.0229589185587,a,a
858,40.844405074325906,a,e
858,59.38509491946799,a,c
858,23.52127263486688,a,c
858,70.6022909820203,a,e
858,36.90645854783661,a,c
858,27.113141952975358,a,c
858,87.56328357987778,a,c
859,52.5908623228675,a,b
859,44.59750416536346,a,e
859,74.36012805431183,a,e
859,59.700753339714524,a,b
859,17.166609063186065,a,d
859,24.80598072445938,a,c
860,84.75546167724926,c,a
860,84.7339323374147,c,a
861,68.19046066774457,d,a
861,57.706231141206786,d,d
861,26.20797583531271,d,d
862,50.564237026851146,e,e
863,28.668819485226898,d,a
864,60.958618283386365,b,a
864,68.70486758894015,b,e
864,72.12133773158827,b,a
864,52.76026821563026,b,d
864,0.38082150999481,b,d
864,51.473745462672895,b,c
865,105.43649328111576,c,d
865,91.34797802314371,c,b
866,65.61406500224386,a,a
866,76.5077300175345,a,d
866,25.142228337364784,a,c
866,83.56099713172478,a,c
866,49.460354857340455,a,d
867,59.02310202231316,d,c
868,35.52902796724055,d,b
869,20.658992668572623,a,a
869,71.13277531522402,a,c
869,59.33633009193849,a,c
870,22.907832747838953,d,e
871,39.184172336974115,a,c
871,56.547158481729625,a,e
871,28.7533627912692,a,e
871,33.23229601556426,a,e
871,30.39232017107456,a,c
872,42.38701538794895,c,d
873,31.945172838419957,b,d
873,49.32935436011489,b,b
873,64.53435311215293,b,b
874,68.21159988510247,b,d
874,51.43558390912408,b,e
874,25.084712145418507,b,c
874,62.89417192863935,b,e
874,73.6825584316583,b,a
875,35.88748603681245,a,b
876,13.211115820595836,d,e
876,49.72660354148937,d,e
877,54.67166146232341,c,c
877,11.214928054495402,c,c
877,14.07734406493406,c,d
877,53.884790824185835,c,b
878,74.17205267158508,d,b
878,48.28592571628691,d,a
879,12.378022419859626,b,a
879,5.8658806784372715,b,b
879,90.44138174698074,b,c
879,67.41299567147472,b,a
879,68.04529979658105,b,e
880,63.66997365045692,a,a
881,41.073282444356735,a,d
881,77.58907381994814,a,a
881,57.85924511649244,a,a
882,65.00791380997723,d,e
882,71.76552610519376,d,c
882,76.40706188796548,d,a
882,59.36171218962069,d,a
883,22.640510632772227,d,c
884,70.14978085972189,e,e
884,58.62201721918678,e,a
885,33.07049793939754,c,b
885,57.93974327749374,c,b
886,26.9883558776433,a,d
887,89.1678945176028,d,e
887,59.780240584835305,d,b
888,50.043035834355145,c,a
888,29.61659807439441,c,a
888,45.08990834513761,c,e
889,30.704083586266652,e,c
889,56.41744747544618,e,a
889,46.7365558366907,e,e
889,57.9885127855665,e,b
889,61.93593188552085,e,b
890,24.554054846579547,b,a
890,53.30651860124609,b,e
891,52.82998223010963,b,e
891,38.014708474578484,b,d
892,54.7750029568678,a,c
892,24.5241976919072,a,d
893,52.93151315595701,c,b
894,73.11808018635072,c,c
895,52.45952367197899,d,c
895,34.10848420918525,d,d
895,80.1368195614917,d,c
895,49.6956034445038,d,a
895,54.483014913403395,d,c
896,68.87848909497222,d,a
897,66.80607902804005,b,a
898,37.952853651594026,a,b
898,54.26858212372056,a,a
899,34.25123929240931,c,d
899,39.11800592267033,c,c
900,68.24773824120115,c,c
900,23.66464023947771,c,e
901,49.191681350180474,b,b
902,78.88393337005056,c,d
903,77.86317736179362,a,b
904,90.090551008359,e,d
904,54.50703610492379,e,b
904,80.70267204487214,e,c
904,52.64051614300319,e,e
905,69.10363176993224,a,a
906,48.388881214971754,c,b
906,59.56323072990986,c,e
906,6.669768707579962,c,a
906,61.468438514652135,c,d
907,73.0068828700148,c,a
907,39.697627927656754,c,c
907,45.1701104114209,c,c
908,72.98443191920754,d,b
908,24.408976569811692,d,d
908,41.9429680262077,d,d
908,50.557367326787066,d,c
908,13.87566403986299,d,b
908,93.94570885179317,d,e
908,7.481461072449967,d,a
908,39.64961997765877,d,a
908,29.83888168268913,d,d
908,42.25894771198118,d,c
908,44.366809291083996,d,c
908,35.93391830661254,d,e
908,65.414118216828,d,c
908,57.75758803780231,d,c
909,66.53177842991926,e,e
910,8.229710020729705,a,d
911,46.37854744186461,d,d
911,16.115617766798593,d,d
911,70.09611165260992,d,b
911,20.817896500059202,d,e
911,84.26435749596129,d,e
912,39.56940031576216,c,e
913,53.9460202109618,e,e
913,80.64795854475256,e,b
914,23.07985039333905,b,c
915,38.393645778239495,e,e
915,74.79650483160049,e,d
915,16.912003357484828,e,d
915,15.453077413379702,e,b
916,44.69816772950514,c,e
916,70.3606308074068,c,a
916,16.86509979365931,c,a
916,69.15030861021111,c,b
917,64.78313504694935,e,c
917,48.9965041974375,e,a
917,35.91512144293851,e,a
918,7.67133570920786,a,d
919,45.558341104975845,b,a
920,49.64927225480056,d,a
920,44.96423515627227,d,d
920,90.49079451049124,d,a
920,23.894316040457202,d,a
921,81.45673790161578,e,d
922,58.29503282021508,c,d
922,31.884127949057902,c,b
922,46.30170513256591,c,a
922,5.165473866957825,c,b
922,42.59417243348598,c,c
922,30.779430602964865,c,d
923,63.24453760075324,e,d
923,38.76199485644026,e,e
923,65.13247676907415,e,a
923,45.94005101201365,e,d
924,110.17800665635141,e,e
924,65.8111577896638,e,a
925,47.216154812228815,b,c
925,51.4399285602607,b,e
926,22.566050271227777,c,c
926,23.605399450357694,c,e
927,40.08402449478519,e,d
928,25.11078872761025,e,b
929,12.390611754605928,e,b
930,45.43294874073324,b,c
930,58.7067627994844,b,b
930,63.476086971432274,b,e
931,0.9505365055661557,e,d
931,6.157481289312052,e,a
931,41.424308556440785,e,d
932,39.306658911116,d,b
932,46.36115757997981,d,a
933,68.47703548832314,d,d
933,60.79063845142711,d,b
933,61.78596604194827,d,a
933,1.105785518790924,d,d
934,64.56786294780481,d,a
934,64.27950888292376,d,b
934,69.54269827772335,d,b
935,65.07787704533659,d,b
935,47.24289458589427,d,a
935,56.042515137971485,d,d
936,49.1753259892511,c,a
936,33.45393839774542,c,e
936,60.430792128128196,c,e
936,27.9659445959021,c,b
937,38.63002388767436,b,a
938,48.25207035550674,e,c
939,52.105188760855896,d,a
939,54.95766018022698,d,b
939,70.93696374357935,d,b
939,52.638366552381896,d,d
939,24.903608848862984,d,c
939,36.34695056454111,d,d
939,97.18694472465785,d,b
940,31.680615000539117,c,c
940,56.70178708550041,c,b
941,55.62955535736295,a,e
941,89.92244136286085,a,d
942,19.855682117687074,a,e
942,56.313113917788556,a,d
942,38.08768093233408,a,b
942,25.865386609745315,a,a
943,16.207342846141266,d,d
943,24.308878344583217,d,c
944,61.470150622366134,b,a
944,63.37515829549713,b,d
945,110.8017631433859,c,d
946,40.02871227361649,e,c
946,41.84026717206589,e,a
947,68.81596356757242,a,d
947,105.28216976319376,a,e
947,36.958999941715305,a,a
947,28.23789058188559,a,c
948,49.38971451441812,d,d
949,50.45063752844779,e,e
949,47.44738861873902,e,a
950,19.521168385590155,c,a
950,12.817019725587109,c,e
951,67.16895698594672,a,c
952,56.224494521813355,b,d
952,17.97156318138736,b,c
952,54.122523698750996,b,d
952,29.45010391278864,b,e
953,55.69875049142413,d,e
953,17.984486340600228,d,d
953,38.40781289051323,d,d
953,64.49505431562974,d,c
953,34.18032342345549,d,b
953,42.35015536687234,d,d
954,20.82958972293393,b,b
954,5.58996543943168,b,c
955,34.42232121307731,e,c
955,5.5452373815601135,e,c
956,14.519648776772463,a,d
956,2.8037089027587783,a,a
956,74.7937211802822,a,b
956,52.136611652095354,a,c
956,58.45034822082681,a,b
956,29.903711836987956,a,e
956,55.557804308824046,a,e
956,39.9850297723754,a,d
956,56.00540390750167,a,d
956,60.28747732748128,a,a
957,72.12003773776101,b,e
958,90.80799590148776,e,e
958,22.866949241456037,e,a
959,37.14063596764762,b,c
960,34.33227835468918,e,d
960,8.012826353224469,e,c
961,76.97860995287127,b,d
962,69.16925898182728,d,c
962,16.429750011190336,d,c
962,3.258295258023388,d,d
963,54.24827471382699,b,d
963,0.8645318341145654,b,e
963,56.68642821763386,b,d
963,78.82941997678844,b,e
963,61.254118017917754,b,a
964,58.49123092827489,a,a
964,21.99885718390392,a,e
965,18.703510822978203,e,a
966,28.50966689637441,a,a
966,67.19089698615197,a,e
967,26.733004555359656,d,b
967,8.064573809384626,d,d
967,64.29708680104943,d,e
968,41.10498731724904,b,a
969,53.64038518944032,e,e
969,34.993721481965146,e,e
969,67.87023555386254,e,b
970,63.66181662373429,c,c
970,95.63049555149692,c,d
970,67.86107301682966,c,c
970,21.94251238605912,c,a
970,43.57162315472703,c,e
970,40.93280092442957,c,e
970,13.71117563589678,c,d
970,60.09315810581157,c,b
970,18.493743434666456,c,e
971,50.206577985894334,b,b
971,59.720801107373774,b,c
971,73.67677588961911,b,c
971,34.54327473688356,b,e
972,21.52068669030308,b,c
973,36.77968259349554,a,d
973,42.99331982208563,a,b
973,48.023939771046855,a,c
973,62.702538938870944,a,e
973,95.45128136743266,a,d
974,77.99484017928052,d,c
974,54.85507644260092,d,e
974,24.28669822852655,d,b
974,76.180260176646,d,b
975,59.071551146522914,c,d
976,56.80947950810643,a,e
976,49.211669610695125,a,a
976,41.388293341534464,a,b
976,32.32201417415247,a,d
977,89.34392415353861,a,b
978,52.68192796534592,c,b
979,35.73493739978664,e,a
980,37.11479945033072,b,d
980,55.248812701897286,b,d
980,54.76466709403364,b,e
981,39.62237316158382,a,b
981,47.64535479964639,a,b
981,58.3182363689741,a,c
982,55.66971416126948,b,e
982,36.13839341776015,b,c
983,38.2732968049575,d,e
984,70.95150308319953,a,c
985,1.3242090605135957,c,a
986,74.4469720316615,e,a
986,69.87559447819639,e,e
986,63.114277146651034,e,a
986,12.966677791515465,e,e
986,60.56242567177752,e,b
986,30.87441294309314,e,b
986,62.275590642128094,e,d
986,73.30166829213292,e,b
987,68.27854124261248,e,d
988,23.699554446749104,b,d
988,45.835618292837665,b,e
989,44.71058146871658,e,b
990,45.91180952368559,d,e
990,26.723284949335625,d,d
990,52.490141486874556,d,d
990,50.3044253867922,d,d
991,72.47266552334602,b,a
991,25.461389358289928,b,a
992,10.025505381036993,e,e
993,69.91041387094583,c,e
993,48.792413840420416,c,d
993,9.15993825944308,c,e
993,15.87661287739597,c,c
993,49.58606334248593,c,c
994,71.29644562739539,e,b
995,89.60700098506437,d,b
995,66.54931484434451,d,b
995,38.28029959865229,d,b
995,69.41475004124459,d,d
995,109.90502918824286,d,b
996,68.54330754668806,a,d
996,79.6964783659858,a,a
996,67.8455167947379,a,a
997,77.3340944915685,c,c
997,71.2081921843502,c,a
997,46.87377842653498,c,b
997,68.08317317300181,c,d
998,41.642600310617965,e,b
999,59.32620288548982,d,d
999,54.127335746644086,d,a
999,33.89056407465633,d,e
999,29.176662182469116,d,c
1000,34.93282176543917,b,c
1000,39.30434793828088,b,a
1000,41.868947143086885,b,b
1000,16.848854200832264,b,d
1000,59.6863599596096,b,c
1001,57.94727962496451,b,e
1001,44.1476458688539,b,a
1001,52.90257545279115,b,a
1002,59.45244819904647,d,a
1003,56.137028593750806,e,c
1004,56.643277449532846,b,d
1004,81.22932191507253,b,e
1004,54.71061304214668,b,e
1004,57.06162017462703,b,c
1004,35.82530329854819,b,d
1004,82.79908741036337,b,a
1004,53.41748470928977,b,b
1005,70.49176208517338,d,d
1006,52.969656411747216,e,d
1007,106.7924145584947,c,e
1008,24.620275165304196,c,c
1008,55.19041840390478,c,b
1009,56.54934557758369,d,b
1009,23.244598279222217,d,a
1010,79.88979482879229,a,e
1011,72.02572430135584,c,e
1011,38.01018312466105,c,a
1012,29.120137639410263,a,b
1013,26.220768041761982,d,e
1013,61.27399630397282,d,b
1013,57.56095534979304,d,c
1013,40.73568144258009,d,c
1014,94.43762738681096,d,d
1014,30.82389602348483,d,c
1014,21.273037651502456,d,a
1014,66.3705591807725,d,a
1015,33.59813048134346,d,b
1015,46.14086921706635,d,d
1015,60.315530446922416,d,e
1016,57.61940928606684,c,b
1017,74.40159958639687,b,e
1017,46.933414886275784,b,c
1018,22.181774279963022,a,e
1019,52.05555897591841,d,a
1020,58.02843452927987,c,d
1020,15.893824906068929,c,b
1020,25.409398358125618,c,b
1020,82.69393924009981,c,b
1020,73.8064642458595,c,d
1020,0.657264674153005,c,d
1020,49.798157739435155,c,c
1020,48.95329150660251,c,c
1021,84.72785299978216,e,c
1021,64.84802526685074,e,e
1021,63.83174187920384,e,d
1021,44.29920902505299,e,d
1021,5.002517493166259,e,c
1021,60.48582562910626,e,d
1022,91.64794358300725,a,a
1022,58.28133053982184,a,e
1022,59.20484093827052,a,e
1023,36.239958789103845,a,e
1023,49.17495393865512,a,a
1023,51.80992034185116,a,a
1023,66.5135366338128,a,a
1024,90.67917141372618,a,b
1024,45.10071964398409,a,d
1024,60.86583012601584,a,b
1024,33.62426168862081,a,c
1024,12.136181697109016,a,e
1024,61.68639890138326,a,a
1024,27.161200545577017,a,d
1024,40.113864746176915,a,a
1025,46.773228869637705,c,e
1025,61.79077015541582,c,a
1025,59.01491748452608,c,b
1025,21.093939621483997,c,a
1026,66.48441923753069,d,d
1026,62.972950538640994,d,c
1027,68.8960366820344,d,b
1027,69.67478621686993,d,c
1028,39.647337141486254,c,c
1028,40.03135928455508,c,a
1029,33.78721995512821,c,e
1030,74.73670898899185,b,b
1030,45.8464275269984,b,a
1030,57.17401313858033,b,b
1030,71.23620035727745,b,b
1031,48.19910859513444,a,b
1032,44.9520049250319,a,e
1033,33.32928276995247,d,d
1033,30.603190310217755,d,c
1034,80.13631075981826,e,e
1035,55.68717596816076,e,b
1036,45.33874008258812,a,a
1036,35.90553281922574,a,d
1037,60.22085542084902,a,d
1037,46.498720087737205,a,e
1037,48.62287789568989,a,a
1038,56.27912035892224,c,e
1038,76.55707177235858,c,d
1038,74.62777325685036,c,b
1038,59.11971684563498,c,e
1038,23.506940721744847,c,a
1038,86.49484701127827,c,b
1039,42.685508632065215,b,b
1039,15.836148160947445,b,c
1040,58.44982678014087,d,c
1040,1.1941996220800277,d,a
1040,37.161263856803984,d,c
1041,65.84579918226761,d,d
1041,21.021928632678836,d,a
1042,86.41658523740963,b,c
1042,54.26679995530995,b,b
1043,73.73934472734977,a,c
1043,53.20589751818168,a,c
1043,56.08391210460619,a,d
1043,61.27353009453812,a,e
1043,68.44922643585095,a,e
1043,71.40604201332621,a,d
1043,18.801445580289162,a,d
1044,29.172661064351956,b,d
1044,45.178688808414826,b,a
1044,51.972086147793505,b,e
1045,18.261608794484253,b,d
1045,63.06281617612096,b,c
1045,94.64149957673828,b,a
1045,64.08721182981316,b,e
1045,108.58749080800706,b,b
1045,71.15309072564223,b,a
1045,27.71934515231925,b,b
1045,62.45508765645404,b,d
1045,45.36287857941819,b,a
1046,55.524196757424235,a,c
1046,95.7210179725339,a,b
1047,58.47608498497228,e,e
1047,48.71937087392879,e,b
1048,71.2166689878405,c,b
1048,73.27970684480206,c,a
1049,34.917721383886175,e,a
1050,34.27801039441322,e,c
1051,90.97236381852292,b,e
1051,30.799224588328755,b,d
1052,41.4964007082738,a,b
1052,32.3958586850069,a,b
1052,84.40294128600851,a,b
1052,63.405341008368595,a,b
1052,2.5559509809799295,a,c
1052,58.76475040928906,a,c
1052,67.69719654753096,a,d
1053,24.691934061446467,e,e
1053,1.6232142089105466,e,e
1053,67.02563035289043,e,b
1053,19.445439707932106,e,b
1053,40.444159123612664,e,a
1054,60.52442401320857,e,d
1054,56.32647986733064,e,e
1055,87.94902767037955,d,c
1056,53.926436154917425,c,e
1056,32.521963105146305,c,d
1056,14.428128717081215,c,d
1056,67.01505154167965,c,c
1057,65.28538026742574,d,c
1057,32.47688938622444,d,c
1058,55.630455760958,a,d
1059,39.40190250136365,d,a
1059,55.56977689754728,d,a
1059,1.2186032222541527,d,c
1060,60.939860580177296,a,c
1060,41.021200966816025,a,c
1060,41.11722526027593,a,e
1061,60.52955813732257,b,b
1061,67.49597908596513,b,d
1062,68.39289799563895,a,d
1062,49.5421609518043,a,e
1062,93.87586349585432,a,c
1062,53.967574521073985,a,e
1062,92.73931602431793,a,a
1062,34.42499162132045,a,c
1063,46.876952998018126,b,c
1063,65.7843582992794,b,a
1063,50.66646597752562,b,e
1064,80.63900751273144,d,b
1064,23.362840832806082,d,a
1064,73.27102145015908,d,e
1065,35.037422293016405,d,c
1065,37.229727009129334,d,a
1065,60.99171268259834,d,e
1066,75.60362677991388,a,b
1066,65.85072642881134,a,e
1066,27.628971054723635,a,e
1067,29.675794584427297,a,c
1068,62.58838750623564,c,b
1068,6.2561628467190715,c,c
1068,73.4594984710677,c,d
1068,0.14356155457875985,c,e
1069,53.368025920648876,c,d
1069,72.90555209451705,c,d
1069,65.21835292724907,c,d
1070,68.54871197953237,e,b
1070,72.98465766860498,e,d
1070,52.63136704831488,e,a
1071,56.65567463695447,d,b
1072,44.758948082563066,b,d
1072,13.199607970532703,b,a
1073,77.40368817011648,c,a
1074,67.54288393943484,e,b
1074,60.56292473915509,e,e
1075,62.939829836365135,a,e
1075,83.0659325606801,a,e
1075,58.65964208139186,a,d
1076,22.140513324007344,d,c
1076,72.31566357982389,d,a
1077,66.53350553779836,b,c
1077,50.48136753133322,b,a
1077,64.47473031102176,b,c
1077,46.624384069277234,b,b
1077,45.249252131754886,b,c
1077,26.85300906065993,b,b
1077,79.35712573259514,b,d
1077,27.29237494599347,b,e
1077,64.79985097772821,b,b
1077,31.936826351978137,b,b
1077,57.389655587174644,b,c
1078,60.356027653737925,a,a
1078,12.68517787216075,a,a
1078,20.975340728766078,a,d
1079,69.30771721068342,e,d
1079,20.530814677519132,e,e
1080,83.57227980088533,e,e
1080,35.87526091913115,e,c
1081,65.5472330861216,d,c
1081,59.36656516163103,d,b
1081,76.01455741531096,d,d
1082,48.10126127678106,c,c
1082,49.056259628273445,c,a
1083,46.16997471788635,a,d
1083,53.09810635702985,a,e
1083,55.951946987312674,a,d
1083,47.89595089894089,a,e
1083,45.429640760712246,a,d
1084,36.035516938009835,d,c
1084,49.274890179821625,d,a
1084,56.918689391759706,d,c
1084,27.72196209776548,d,e
1084,83.97634692253159,d,e
1084,59.58287143846023,d,d
1085,25.139843715296312,a,a
1085,95.06459257511032,a,d
1085,61.73714594838481,a,d
1086,93.8886687868274,b,d
1086,46.803990260550755,b,e
1087,48.08872719987963,b,d
1087,61.57710085697148,b,c
1087,31.148447200303597,b,a
1088,82.38834660448734,e,a
1089,34.807290975358555,e,d
1089,65.0196696471173,e,e
1089,43.32861996685059,e,e
1090,50.697977004636435,b,d
1090,51.77961375215907,b,e
1090,66.72441439928092,b,c
1090,3.3243496760450455,b,d
1091,69.53812457604266,b,e
1091,87.89889764242344,b,c
1091,55.77412761623064,b,d
1092,38.83443126538914,b,a
1093,70.9974412675222,e,d
1094,97.55475796400736,d,c
1095,23.218677035997803,a,e
1095,85.33654383639045,a,a
1096,80.59753576548417,e,d
1096,28.814305943333213,e,d
1097,78.22580199146766,a,e
1097,45.5765791637751,a,a
1097,58.59592752404284,a,d
1098,58.632802974514576,e,c
1098,36.80470348395103,e,a
1099,73.17766599420779,b,c
1100,24.104865574256245,b,c
1100,53.19875847193993,b,c
1100,25.58711152172362,b,d
1100,39.164156139375066,b,c
1100,87.26256015320243,b,d
1100,33.271082684025124,b,c
1101,70.10769253058434,b,c
1102,65.69423030220158,e,c
1102,78.67913974399508,e,a
1102,62.66350694795126,e,a
1103,84.09837192949018,e,d
1103,75.9661138909917,e,d
1103,57.925923589475495,e,b
1104,0.4909479316445413,d,b
1104,36.79851006675936,d,a
1104,47.05895570765357,d,d
1105,45.60555706853247,a,e
1105,37.43782476183674,a,e
1106,20.32133157811826,a,e
1107,1.6448577979305412,b,e
1107,80.74603984793686,b,d
1108,19.820847520183737,b,d
1108,103.48401003328382,b,b
1108,31.3356045074341,b,d
1109,58.5438316412892,e,d
1109,57.75440586533142,e,d
1109,37.52012861772647,e,a
1109,9.351548589832348,e,d
1110,12.930463157517885,c,c
1110,52.19661184432235,c,d
1110,94.74487483674383,c,e
1110,54.646893400954845,c,a
1110,91.69831013159003,c,b
1110,96.44285415337094,c,e
1111,44.343801920130666,b,a
1111,34.95060106506577,b,d
1112,27.079779257968838,b,a
1112,61.9348469435798,b,b
1112,35.68268292848961,b,a
1113,47.63397935798289,d,a
1113,81.04055716822808,d,b
1114,34.564971269386405,d,a
1114,38.963622538317146,d,e
1114,58.64576857912364,d,d
1114,49.70834713407535,d,d
1114,7.1108410732476415,d,a
1114,59.48366961901516,d,d
1114,67.25136021435173,d,b
1114,30.15728192033971,d,d
1114,70.1448287212411,d,e
1114,40.780131690042815,d,d
1114,40.74780562090902,d,d
1114,42.88073373877286,d,c
1114,61.955797457271615,d,e
1114,29.290588784344344,d,d
1115,32.988808000353195,d,e
1116,62.31843765660378,d,e
1117,0.6550229537276522,d,d
1118,68.54851001406001,e,b
1119,36.4582398694327,c,d
1119,34.13088324854526,c,b
1119,34.23240598072305,c,c
1119,69.21076428910007,c,d
1119,70.47028341675296,c,e
1119,63.67715035626681,c,b
1120,37.1313922689729,e,e
1120,96.44636745606955,e,b
1121,44.369202215221506,d,b
1121,16.61575526725607,d,a
1121,49.06706416196162,d,a
1121,15.097973041711981,d,c
1122,2.3347432088732774,d,d
1123,32.883857252201935,c,d
1123,43.51452104967369,c,b
1124,37.28626162533477,a,e
1124,52.85123342748507,a,d
1125,78.86216125268467,e,d
1125,5.944286693060661,e,c
1125,23.71030829043599,e,b
1126,3.119639894347557,d,e
1126,44.38651125962119,d,c
1127,23.921383337756087,e,b
1127,11.412256402718675,e,d
1128,60.29478066156571,c,e
1129,32.72868997060081,a,c
1129,66.19244967811424,a,a
1130,59.98440636576382,d,b
1131,38.048883934481424,e,c
1131,86.88552960395238,e,c
1131,69.77008260390204,e,a
1131,36.180777977037565,e,e
1131,59.64990221663187,e,c
1132,49.08589405085293,c,b
1132,103.39944096855466,c,c
1133,55.63126241434078,a,d
1134,37.179041368386024,c,b
1135,28.65049912899663,e,a
1135,44.4031678693828,e,a
1135,10.912223597463388,e,b
1136,40.94913976335482,c,b
1136,29.50556424704003,c,b
1137,61.63868082718972,a,e
1137,126.81897574747126,a,a
1138,54.3564339947819,c,b
1138,40.946117618126756,c,d
1138,72.198290461462,c,d
1138,59.81435542966307,c,d
1139,25.27992299713749,c,e
1139,21.97261327247684,c,e
1139,42.65347181779777,c,b
1139,72.99848326902796,c,e
1139,74.16660937505573,c,c
1139,96.64512624370866,c,c
1140,32.87549993654223,d,a
1141,79.99603540990914,b,a
1141,33.304139175104964,b,a
1142,20.000924163479496,a,d
1143,5.978413109140156,e,c
1143,57.17599561034415,e,a
1144,30.949705665981053,c,d
1145,46.49743723325429,d,b
1146,41.956731544968676,c,d
1146,80.43522887335848,c,a
1147,43.955596795834865,e,d
1148,13.608035854818347,a,d
1149,59.665092591770986,a,b
1149,95.1157555300335,a,d
1149,9.573541005921655,a,b
1149,25.658411793751977,a,d
1150,71.8673227678176,b,b
1150,36.917349396470264,b,c
1150,49.951702724476526,b,c
1151,87.68650386934239,a,d
1151,50.37086730110534,a,b
1152,17.28269689341395,d,c
1152,74.28304903860095,d,b
1152,36.891367277419484,d,d
1152,57.619463325428256,d,c
1153,32.643898455687335,a,b
1153,15.527860702017222,a,e
1153,84.35661449211084,a,d
1153,65.44429616421762,a,c
1154,24.314826316595838,e,d
1154,41.44495135153182,e,c
1154,75.79378455590071,e,c
1154,19.516456933081194,e,c
1154,69.29733655180232,e,b
1155,50.69065017862949,b,c
1155,71.34693072398758,b,d
1156,5.032867077001725,b,e
1156,77.85685634488388,b,d
1156,33.529872981818905,b,c
1157,41.171185449347874,e,c
1157,42.20666229626166,e,b
1157,15.125852060129702,e,d
1158,36.546273679817816,c,d
1158,62.464964432982185,c,a
1158,69.05532224585691,c,c
1158,45.21529731332163,c,b
1158,9.372654809824517,c,b
1158,65.35990234042272,c,a
1158,65.10565512796558,c,a
1158,94.81112226792516,c,c
1158,0.1910522348062642,c,b
1158,21.88038089829619,c,a
1158,64.49805283352552,c,a
1159,42.76894499618801,a,a
1159,96.96090173629314,a,c
1160,65.64546134103298,d,b
1161,71.95600961971358,e,d
1162,66.99622953069205,c,d
1162,52.71981670883684,c,c
1162,73.47200652412573,c,a
1162,66.5919283312854,c,c
1163,39.874034140688075,b,b
1164,48.490538997078694,d,c
1164,74.42867493289572,d,d
1165,67.46001727931693,a,c
1165,21.22882854359796,a,c
1165,27.758991966114095,a,b
1166,48.04360144274398,e,d
1166,43.85340477323435,e,e
1166,26.191291751582163,e,c
1166,57.28879863337972,e,d
1167,47.293788707731906,a,a
1168,42.082315992185436,a,e
1168,49.34294370633808,a,c
1168,33.06138237073491,a,a
1168,46.511861362358275,a,a
1168,88.57841861809428,a,b
1169,28.373928957604257,c,d
1169,18.39163776857484,c,c
1169,34.68249268180441,c,a
1170,47.79891968633405,d,c
1170,34.63137062327071,d,e
1171,11.0688165405938,c,c
1172,61.148184203237435,d,c
1172,57.87294051626555,d,d
1172,53.46346829876741,d,e
1173,100.7065192500499,b,e
1173,43.268871016870065,b,b
1174,24.56734721835238,a,b
1174,48.193036835409664,a,e
1174,43.200178485531424,a,d
1175,52.48648345443224,b,b
1175,48.38451514980989,b,c
1176,35.51005975292132,a,c
1177,32.106160924044964,a,c
1178,24.516311140489588,a,e
1178,58.640400326988846,a,a
1179,49.35829863604383,e,a
1180,99.07637757446314,e,d
1181,73.11248800905241,d,c
1181,40.51859178186452,d,d
1182,80.96863460730282,a,e
1182,29.30892580292566,a,e
1182,72.7717522567337,a,a
1183,48.05816333293185,b,e
1183,36.42458636514481,b,c
1184,20.056896446055735,e,a
1184,37.025159937583325,e,d
1185,68.57213704769602,a,e
1186,12.479875253273242,a,e
1186,45.03963094493077,a,c
1186,33.73517545395411,a,c
1186,39.97348384092899,a,d
1186,65.62358716435796,a,d
1186,31.52714402624068,a,a
1187,51.37476005096149,d,e
1187,64.5090072924458,d,b
1188,90.91795537704917,a,e
1189,50.76879164387913,b,e
1190,78.03476391373928,b,b
1191,68.39396041967453,e,b
1191,47.09676676986345,e,b
1192,33.63263000113523,b,d
1192,22.913779361766856,b,e
1193,53.68123247632847,d,a
1193,98.02777647499836,d,a
1194,51.62936601830201,d,b
1195,16.43174635999624,d,b
1196,49.003263489447136,b,b
1197,65.96007152130991,a,d
1198,45.47154560465283,a,e
1198,2.0683898385242756,a,b
1198,24.33218849672059,a,d
1199,83.60302587793154,c,c
1200,50.638692577888484,c,a
1201,45.453382855207145,d,a
1201,38.132468267113964,d,e
1201,73.1836346817237,d,a
1201,7.59592666682741,d,b
1202,64.47707665715723,e,d
1202,87.40514921911448,e,b
1203,35.641737311226876,e,a
1204,55.25086856986932,a,c
1205,68.51408432748023,e,c
1205,114.00317365038443,e,e
1205,88.95717387866779,e,d
1205,40.1501470423559,e,d
1206,14.691493268528774,d,c
1207,34.01552575799526,a,c
1207,36.49129727833498,a,d
1207,49.507490503626634,a,b
1207,2.8444409153144647,a,c
1207,31.330693298040575,a,b
1208,21.31037763477937,c,b
1208,33.04205127225179,c,b
1209,42.31963706010514,c,a
1209,56.36947462518707,c,e
1209,78.69703389155123,c,b
1209,43.535464499910155,c,b
1210,26.27342587427122,d,a
1210,47.74449894621339,d,c
1211,13.634484144289146,c,a
1212,56.401995972989994,e,a
1212,43.71083267092204,e,a
1213,50.78473691674088,b,b
1213,18.712729625846038,b,c
1214,20.31661857870835,c,a
1214,60.04334718324327,c,b
1214,97.04864488285526,c,a
1215,101.05334264260746,a,c
1215,80.70614000169417,a,e
1216,59.712873783814295,b,b
1216,88.33748611756172,b,a
1216,33.09279730565295,b,c
1217,103.25762192478086,b,e
1217,80.90494237532053,b,e
1217,36.05097070886677,b,a
1217,82.80024379218816,b,a
1217,43.46386671357486,b,e
1217,104.6476939244349,b,d
1217,53.945332693109286,b,a
1217,47.16085550892518,b,d
1218,48.999001281891594,d,c
1219,3.080159732314179,d,d
1220,66.51301518164362,b,c
1220,60.81307694599109,b,b
1220,43.056595408465036,b,e
1221,29.89874851094885,e,c
1221,69.51989319820731,e,e
1221,46.99105868256373,e,b
1221,29.90236268066475,e,a
1221,34.2394304737154,e,e
1222,58.70055043399634,a,e
1222,80.15563742796073,a,a
1222,91.66183122614083,a,d
1222,83.60400547599554,a,d
1223,45.67245721016648,d,d
1224,70.69097251076583,e,c
1224,43.994018184390015,e,e
1225,28.048488182962707,c,d
1226,18.72288577152204,e,e
1226,78.62297534134701,e,c
1227,38.46235295542604,c,a
1228,56.078596340551755,c,c
1228,59.679023995016834,c,b
1228,7.363966918586648,c,e
1228,86.11640235703452,c,e
1228,77.57008416201056,c,c
1229,68.52616317852056,d,a
1230,53.56142144671491,d,a
1230,50.97009799264952,d,d
1230,67.31901546263678,d,a
1230,34.828917810306116,d,e
1230,77.52963167827092,d,a
1230,29.704528534100934,d,a
1230,38.00198083271708,d,d
1231,22.264324060625185,b,a
1231,37.363846874526416,b,c
1232,40.50678814714403,d,d
1232,52.60628018209176,d,e
1233,73.13974370294251,a,c
1234,72.52798511310809,e,e
1235,38.756662746782126,d,c
1236,78.31076044797405,c,b
1236,26.015084076720175,c,a
1237,64.7338199653182,c,a
1238,64.48440986788393,a,e
1238,26.941126967320383,a,b
1239,50.53878331252654,a,c
1239,19.37002896828361,a,b
1240,88.02674966174797,a,e
1240,51.701851670862744,a,d
1241,71.43238875285157,c,a
1242,46.29613071751052,d,c
1243,39.60240001134089,b,e
1243,44.1818367099096,b,d
1244,73.39862630000286,d,e
1245,1.356200497715001,d,c
1246,76.17312525408003,a,b
1247,68.02586506116273,e,a
1247,55.20458206146058,e,c
1247,72.19975493021434,e,c
1248,58.57235713883545,b,a
1249,37.62786367705732,a,b
1250,55.97766455834915,e,a
1251,62.41742297293287,a,a
1252,68.62246281001387,b,e
1252,63.88757718260814,b,d
1253,47.765124654860024,b,c
1253,77.19410640017107,b,a
1254,31.15719454185856,c,a
1254,77.80168783996423,c,c
1255,49.30107412308682,b,e
1255,38.2363115262912,b,b
1256,76.22994293230263,c,d
1257,50.9106944154313,c,a
1257,64.03424315081921,c,b
1257,61.99170474415113,c,a
1257,32.39074522262746,c,c
1257,25.606001786693593,c,a
1257,55.11842851572287,c,e
1257,35.18946138884851,c,c
1257,52.55904671087197,c,c
1258,99.81150571570717,e,b
1258,52.10722148397348,e,e
1258,36.16747905232901,e,c
1258,64.65826365721547,e,c
1259,37.87182745527885,c,b
1259,38.76101985537441,c,b
1260,53.59710436606139,d,b
1261,57.58783350667912,e,d
1261,59.29307618122405,e,c
1261,62.62693721155987,e,d
1261,7.350707461874478,e,c
1262,20.615744229754164,a,c
1262,65.90727241801142,a,d
1262,55.70815480325781,a,d
1262,36.00970945216291,a,e
1262,18.973586817232352,a,c
1263,60.08622742473352,a,c
1263,31.704092854034453,a,c
1263,71.8064794734907,a,a
1263,37.8959079440386,a,d
1263,82.27081399619033,a,e
1263,14.013419686961129,a,e
1263,6.207022337535875,a,c
1263,54.88694670385538,a,d
1263,28.879596395882146,a,e
1263,44.465854728918764,a,e
1264,46.622587564321925,e,c
1264,12.953261003491441,e,e
1264,65.91784073980297,e,d
1265,68.43730695580749,e,c
1265,8.157334856501194,e,e
1265,51.54158636519435,e,e
1266,71.912329687496,b,c
1266,47.76610488138669,b,c
1267,36.251886672916896,d,d
1267,66.9456313932894,d,a
1267,56.92756546423807,d,a
1267,55.96904193292372,d,d
1267,99.26237398567586,d,b
1267,35.66642860283398,d,a
1267,34.91891989092886,d,a
1267,38.85644036777544,d,a
1267,33.73045815364426,d,a
1267,24.060441370844778,d,a
1267,54.94856702116392,d,e
1268,15.023991233733923,d,e
1268,19.243430339413987,d,c
1269,60.4212816344608,e,a
1269,10.183744577080233,e,d
1270,38.90496452104983,c,a
1270,35.42920993128239,c,b
1270,17.231211652936132,c,a
1270,54.019053487397265,c,e
1270,16.82313193948668,c,e
1270,45.21223478924799,c,e
1270,60.66032658737997,c,d
1270,55.827327692753755,c,e
1271,28.9872576890928,a,c
1272,66.08472323412364,d,b
1273,31.66538137437386,a,b
1274,76.65776215404941,b,c
1274,21.030172793529232,b,e
1274,97.08164419987722,b,b
1274,77.65833465641069,b,b
1275,44.681772382627116,e,d
1275,26.0457093691318,e,e
1276,3.6638692789894947,d,a
1277,60.60007337978578,a,c
1277,71.49691053607351,a,b
1277,68.10057286158745,a,c
1278,76.77609766111946,e,b
1278,33.225287544153296,e,d
1278,17.71502374258924,e,a
1278,48.40015197642439,e,c
1279,74.67756718117617,a,d
1280,44.896440101051496,d,d
1280,42.35254971293519,d,a
1280,15.313488302750336,d,e
1281,5.67517299746455,b,a
1281,59.41156902147752,b,c
1282,29.31183977002057,b,d
1283,88.33192552877836,e,d
1283,50.8273031385478,e,e
1283,15.997061010959648,e,c
1284,122.5696882979173,a,e
1284,71.56960163481914,a,a
1284,51.399838017519166,a,b
1285,105.21126563722495,e,b
1285,43.13501425763773,e,b
1286,50.77567257733612,a,a
1287,31.940929388989648,c,b
1287,47.14026833424982,c,d
1288,57.391382417925826,b,c
1289,46.50859203529629,d,b
1289,73.90477110212426,d,c
1289,73.2357927071138,d,b
1290,50.64819553795205,c,b
1291,23.170135184939678,d,d
1292,88.84792766297642,e,c
1292,53.42478092011868,e,a
1292,92.51674821455913,e,c
1293,82.03282126685252,c,b
1294,29.54056108057908,b,b
1294,52.2233810639657,b,a
1295,77.81013092667453,b,d
1295,48.90983606746255,b,d
1296,30.851642018225036,e,a
1296,8.278751104663876,e,a
1296,5.891816090022608,e,a
1296,60.27071494132736,e,b
1296,37.33896245164649,e,a
1296,86.32025534461526,e,d
1297,22.85928127908161,c,b
1298,21.217242827510695,b,e
1299,120.45168479895509,d,a
1299,69.74274974248905,d,b
1300,41.57976714286605,e,e
1301,61.379660671547,a,e
1302,59.607227438742854,b,a
1302,61.27713674850438,b,a
1302,52.488434433216064,b,d
1303,48.85560379031135,a,b
1303,48.39238407273751,a,b
1303,30.7566744146228,a,b
1304,85.71021246868548,a,c
1304,63.554129247416085,a,d
1305,29.774083449150538,d,b
1305,69.86067687575401,d,b
1305,41.93591415876089,d,d
1306,63.872089455237884,a,b
1307,47.017347146443406,d,d
1308,64.88179973793919,b,c
1309,30.510524351217985,a,d
1309,55.7786122736544,a,d
1309,62.107980873797715,a,c
1309,2.469462874352267,a,c
1309,37.54816542843913,a,c
1309,51.60997627572657,a,c
1309,52.79885901501485,a,e
1309,37.986863046129145,a,b
1309,88.52878458036004,a,c
1309,60.129482236665964,a,a
1309,33.18303367511277,a,b
1310,36.60951172903926,c,b
1310,61.19518526215376,c,e
1310,48.57668839060787,c,c
1310,30.988921254132755,c,b
1311,52.1306062730339,e,e
1312,39.2192367737599,c,c
1312,60.89400189663071,c,e
1313,39.26473285811904,e,c
1313,46.893644271237164,e,a
1313,45.29110401875097,e,c
1313,50.11408243661318,e,d
1313,23.681882115351744,e,d
1314,31.855869069923333,a,e
1314,92.94612625399591,a,d
1315,22.036652277525693,c,b
1315,16.922329861302956,c,b
1315,65.77320336214828,c,d
1315,41.60335526538172,c,d
1315,30.254184284726325,c,b
1315,68.93584916893528,c,d
1316,67.56076452090912,b,e
1317,61.252901657545046,d,a
1317,17.769056385259887,d,e
1318,50.20750514762135,b,b
1318,35.418574579039316,b,c
1318,40.10462040241854,b,a
1318,23.68453194896395,b,a
1318,62.47632434630086,b,b
1318,39.09903791255789,b,c
1318,82.96228039515437,b,e
1318,4.647082321923911,b,b
1318,91.98691885165297,b,d
1319,58.66556732459753,a,e
1320,58.83685688533688,c,c
1320,42.424521147179156,c,e
1320,24.610062149349677,c,c
1321,57.27067660511063,b,a
1321,18.16028984341445,b,e
1321,83.18696037326461,b,a
1322,62.258233452329414,b,e
1323,29.817088571900616,c,b
1324,31.188824197412785,e,b
1325,36.125507250406024,b,e
1325,1.0519766149905436,b,d
1325,32.78884176600772,b,d
1325,68.52332177883277,b,c
1325,38.67661394022087,b,b
1326,72.86141094374324,c,d
1326,75.42603943370901,c,d
1326,8.504706972109304,c,a
1326,47.10554964658772,c,a
1327,49.48392189394869,b,d
1327,62.463864081874405,b,d
1328,77.65904258760688,d,d
1328,40.55491921173456,d,a
1328,63.06095826851275,d,e
1329,43.3055152568039,a,c
1329,48.130455991676556,a,d
1330,39.56274403520876,b,a
1331,13.738311821367326,e,b
1331,47.74224395866453,e,e
1332,69.18532339978356,e,b
1332,92.14679717446133,e,d
1333,72.52043967635069,b,c
1334,35.815550882401276,b,c
1335,25.722346003926198,c,d
1335,21.67956624697615,c,a
1335,13.560570679109944,c,d
1336,31.272749726589538,c,c
1336,25.085941381826707,c,b
1337,81.1034098048276,c,b
1337,4.696408871798653,c,b
1338,36.18013368633442,c,e
1338,6.811550819643408,c,d
1338,74.43433149331065,c,a
1338,26.847018537954582,c,d
1338,58.55505024132485,c,d
1338,16.414962047426116,c,d
1338,23.97135309148079,c,a
1338,44.47237387462159,c,d
1339,8.12716897374797,c,b
1339,64.66854553658969,c,b
1340,46.0340521959008,c,a
1340,117.64562814534256,c,c
1340,40.31633115525522,c,a
1340,41.3878135266949,c,d
1340,78.54747668768772,c,e
1341,76.51407138064087,b,a
1341,54.38568613354449,b,d
1341,60.26897885916338,b,d
1341,68.78647675512512,b,c
1341,90.51271370948224,b,b
1341,50.56156717805391,b,c
1342,63.615696817573664,b,b
1342,46.6748229863966,b,b
1342,66.65895071029558,b,b
1343,75.07913532829743,a,b
1344,39.98823392527492,b,d
1344,5.046031944217958,b,b
1345,53.98051866666183,b,c
1346,23.948793435406923,d,e
1347,43.41712604784068,b,e
1348,15.431308387481543,c,b
1349,33.497579897602776,a,e
1349,42.85567674734393,a,c
1349,63.452775115048404,a,e
1350,78.08543533576231,d,c
1351,9.187580277067006,d,c
1351,68.41568558194535,d,c
1351,49.67592235807281,d,b
1351,33.561232881626,d,d
1352,78.9879135011943,e,d
1353,39.18287697464014,e,b
1353,22.2322074517589,e,c
1354,56.97644575766555,d,d
1355,19.435049065773295,c,c
1355,18.975599357422908,c,e
1356,119.0267453672165,e,a
1357,63.45656587689615,c,b
1358,24.433921886752408,d,a
1358,0.0352668091164432,d,e
1358,46.0747370329849,d,c
1359,38.05460498380298,e,e
1359,62.26204569017031,e,d
1359,59.14406318293321,e,b
1359,37.14540181146725,e,b
1359,82.0698716054969,e,d
1359,8.132790982172843,e,e
1359,61.24661314502859,e,d
1360,51.14561628543551,d,d
1360,43.8383602469857,d,a
1360,72.42614064466235,d,c
1361,94.92225327120983,a,d
1361,41.80908995958229,a,d
1362,60.37937621695008,a,a
1363,55.39958249954452,b,d
1363,31.221688931724465,b,e
1363,61.79488793990449,b,c
1363,66.26289202670138,b,b
1363,41.73094605256237,b,e
1363,87.95208049375525,b,d
1364,75.09554474035286,e,b
1364,88.24267161346431,e,d
1364,60.1091187634868,e,a
1365,45.848532093930906,b,d
1365,40.010179202722426,b,c
1365,69.21559719422183,b,c
1365,33.28918733442285,b,e
1366,22.883375301434278,b,b
1366,7.123392833885035,b,b
1366,77.23448139393739,b,e
1366,101.62113127275886,b,e
1366,35.6721579741532,b,c
1367,44.484458031067604,c,a
1367,64.71428335095477,c,e
1368,39.35275822474321,b,d
1369,64.66593431816476,b,e
1369,41.68940417987965,b,c
1370,45.00226779427574,c,c
1370,65.24017215423895,c,d
1370,70.73281212968209,c,d
1370,11.276620583459867,c,c
1371,12.953544431799351,e,d
1372,64.29342885174387,c,b
1373,100.92997646729381,b,d
1373,73.69036754071152,b,d
1373,86.62514284611711,b,a
1373,4.176949642759396,b,c
1374,50.80660199379636,e,c
1374,54.74798955616847,e,b
1375,76.61761139292565,e,e
1376,58.514157262315436,d,d
1376,35.84831368140722,d,c
1377,56.31400686129236,b,c
1377,23.192320556093314,b,a
1377,112.64153177142289,b,e
1377,60.64858699398943,b,d
1377,50.55257607449801,b,c
1377,30.07874750079596,b,d
1377,80.1906181954879,b,e
1378,24.668446073068367,b,c
1379,47.69440943480876,a,e
1379,63.54445461621219,a,d
1379,34.6763180500008,a,c
1379,57.807790944750884,a,b
1380,34.4136843764661,d,b
1381,59.16058542777051,d,b
1382,25.292287943849335,c,a
1382,62.00290777615946,c,d
1382,37.608382140706546,c,e
1383,28.380383037539854,c,e
1383,60.63809832732011,c,a
1384,55.05939695390493,a,e
1384,49.454471879520185,a,a
1384,65.95119091127049,a,b
1385,45.71781819041096,c,b
1385,35.38857539201689,c,a
1385,45.22814042394659,c,c
1386,38.9055327257869,b,d
1386,60.8304876229671,b,b
1386,56.7394706670027,b,b
1386,36.44216747698922,b,e
1386,3.475398513889587,b,a
1387,46.110469608762365,b,e
1387,76.08719517978622,b,d
1387,30.566259632919003,b,c
1387,9.845518354631253,b,c
1387,69.36726993655243,b,e
1388,28.904437821619112,a,c
1388,48.04243925292091,a,a
1389,58.27472886602369,a,d
1389,71.91343891262328,a,b
1389,79.3121540870599,a,e
1390,39.580454723862076,c,d
1391,37.91088064829202,c,c
1391,45.925133792860045,c,a
1392,52.436584995929195,e,d
1393,45.41777247303119,e,d
1393,61.24873743344678,e,c
1394,77.47853036995397,e,b
1395,4.2139896809379,c,d
1395,52.16786706369552,c,b
1395,55.23949644261869,c,a
1395,75.20497096557969,c,c
1395,56.46505451667086,c,c
1396,53.09267869898605,a,d
1396,56.667624001613845,a,b
1396,42.931643572637434,a,d
1396,65.35054616289166,a,a
1396,51.84910989284907,a,e
1397,31.23799660269849,d,c
1397,36.445052218826596,d,d
1397,17.543983030514383,d,e
1398,86.95064057982079,b,e
1398,104.79666494989489,b,c
1399,16.03907168229481,b,a
